#FILE	SEQUENCE	START	END	STRAND	GENE	COVERAGE	COVERAGE_MAP	GAPS	%COVERAGE	%IDENTITY	DATABASE	ACCESSION	PRODUCT	RESISTANCE
data/genomes/ERV1.fna	NZ_JH813609.1	24024	24521	-	dfrG_1	1-498/498	===============	0/0	100.00	100.00	resfinder	AB205645	dfrG	Trimethoprim
data/genomes/ERV1.fna	NZ_JH813660.1	239	2845	+	VanHAX_2	1-2607/2607	===============	0/0	100.00	99.92	resfinder	M97297	VanHAX	Teicoplanin;Vancomycin
data/genomes/ERV1.fna	NZ_JH813664.1	827	1621	-	aph(3')-III_1	1-795/795	===============	0/0	100.00	100.00	resfinder	M26832	aph(3')-III	Amikacin;Butirosin;Isepamicin;Kanamycin;Lividomycin;Neomycin;Paromomycin;Ribostamycin
data/genomes/ERV1.fna	NZ_JH813664.1	2253	3161	-	ant(6)-Ia_1	1-909/909	===============	0/0	100.00	100.00	resfinder	AF330699	ant(6)-Ia	Streptomycin
data/genomes/ERV1.fna	NZ_JH813669.1	428	1867	+	aac(6')-aph(2'')_1	1-1440/1440	===============	0/0	100.00	100.00	resfinder	M13771	aac(6')-aph(2'')	Amikacin;Dibekacin;Fortimicin;Gentamicin;Isepamicin;Kanamycin;Netilmicin;Streptomycin;Tobramycin
data/genomes/ERV1.fna	NZ_JH813675.1	32432	33910	+	msr(C)_1	1-1479/1479	===============	0/0	100.00	98.99	resfinder	AY004350	msr(C)	Erythromycin;Pristinamycin_IA;Quinupristin;Telithromycin;Virginiamycin_S
data/genomes/ERV1.fna	NZ_JH813697.1	65222	65770	-	aac(6')-Ii_1	1-549/549	===============	0/0	100.00	99.64	resfinder	L12710	aac(6')-Ii	Dibekacin;Gentamicin;Netilmicin;Sisomicin;Tobramycin
data/genomes/ERV1.fna	NZ_JH813707.1	522	1284	-	erm(B)_18	1-762/762	========/======	1/1	100.00	99.34	resfinder	X66468	erm(B)	Clindamycin;Erythromycin;Lincomycin;Pristinamycin_IA;Quinupristin;Virginiamycin_S
data/genomes/ERV102.fna	NZ_JH811809.1	293	1603	-	aac(6')-aph(2'')_1	130-1440/1440	.==============	0/0	91.04	100.00	resfinder	M13771	aac(6')-aph(2'')	Amikacin;Dibekacin;Fortimicin;Gentamicin;Isepamicin;Kanamycin;Netilmicin;Streptomycin;Tobramycin
data/genomes/ERV102.fna	NZ_JH811816.1	236	2842	+	VanHAX_2	1-2607/2607	===============	0/0	100.00	99.89	resfinder	M97297	VanHAX	Teicoplanin;Vancomycin
data/genomes/ERV102.fna	NZ_JH811883.1	380	1174	+	aph(3')-III_1	1-795/795	===============	0/0	100.00	100.00	resfinder	M26832	aph(3')-III	Amikacin;Butirosin;Isepamicin;Kanamycin;Lividomycin;Neomycin;Paromomycin;Ribostamycin
data/genomes/ERV102.fna	NZ_JH811883.1	1899	2661	+	erm(B)_18	1-762/762	========/======	1/1	100.00	99.08	resfinder	X66468	erm(B)	Clindamycin;Erythromycin;Lincomycin;Pristinamycin_IA;Quinupristin;Virginiamycin_S
data/genomes/ERV102.fna	NZ_JH811891.1	253	1161	-	ant(6)-Ia_1	1-909/909	===============	0/0	100.00	100.00	resfinder	AF330699	ant(6)-Ia	Streptomycin
data/genomes/ERV102.fna	NZ_JH811891.1	4669	5472	-	lnu(B)_2	1-804/804	===============	0/0	100.00	100.00	resfinder	JQ861959	lnu(B)	Clindamycin;Lincomycin
data/genomes/ERV102.fna	NZ_JH811903.1	22218	23696	+	msr(C)_1	1-1479/1479	===============	0/0	100.00	98.92	resfinder	AY004350	msr(C)	Erythromycin;Pristinamycin_IA;Quinupristin;Telithromycin;Virginiamycin_S
data/genomes/ERV102.fna	NZ_JH811908.1	35905	36453	-	aac(6')-Ii_1	1-549/549	===============	0/0	100.00	99.64	resfinder	L12710	aac(6')-Ii	Dibekacin;Gentamicin;Netilmicin;Sisomicin;Tobramycin
data/genomes/ERV107.fna	NZ_JH813413.1	2928	5534	-	VanHAX_2	1-2607/2607	===============	0/0	100.00	99.92	resfinder	M97297	VanHAX	Teicoplanin;Vancomycin
data/genomes/ERV107.fna	NZ_JH813425.1	823	1617	-	aph(3')-III_1	1-795/795	===============	0/0	100.00	100.00	resfinder	M26832	aph(3')-III	Amikacin;Butirosin;Isepamicin;Kanamycin;Lividomycin;Neomycin;Paromomycin;Ribostamycin
data/genomes/ERV107.fna	NZ_JH813425.1	2249	3157	-	ant(6)-Ia_1	1-909/909	===============	0/0	100.00	100.00	resfinder	AF330699	ant(6)-Ia	Streptomycin
data/genomes/ERV107.fna	NZ_JH813425.1	6416	7178	-	erm(B)_18	1-762/762	========/======	1/1	100.00	99.34	resfinder	X66468	erm(B)	Clindamycin;Erythromycin;Lincomycin;Pristinamycin_IA;Quinupristin;Virginiamycin_S
data/genomes/ERV107.fna	NZ_JH813441.1	65232	65780	-	aac(6')-Ii_1	1-549/549	===============	0/0	100.00	99.64	resfinder	L12710	aac(6')-Ii	Dibekacin;Gentamicin;Netilmicin;Sisomicin;Tobramycin
data/genomes/ERV107.fna	NZ_JH813492.1	15980	16477	-	dfrG_1	1-498/498	===============	0/0	100.00	100.00	resfinder	AB205645	dfrG	Trimethoprim
data/genomes/ERV107.fna	NZ_JH813533.1	44029	45507	-	msr(C)_1	1-1479/1479	===============	0/0	100.00	98.99	resfinder	AY004350	msr(C)	Erythromycin;Pristinamycin_IA;Quinupristin;Telithromycin;Virginiamycin_S
data/genomes/ERV107.fna	NZ_JH813540.1	70	1509	-	aac(6')-aph(2'')_1	1-1440/1440	===============	0/0	100.00	100.00	resfinder	M13771	aac(6')-aph(2'')	Amikacin;Dibekacin;Fortimicin;Gentamicin;Isepamicin;Kanamycin;Netilmicin;Streptomycin;Tobramycin
data/genomes/ERV108.fna	NZ_JH814248.1	433	1872	+	aac(6')-aph(2'')_1	1-1440/1440	===============	0/0	100.00	100.00	resfinder	M13771	aac(6')-aph(2'')	Amikacin;Dibekacin;Fortimicin;Gentamicin;Isepamicin;Kanamycin;Netilmicin;Streptomycin;Tobramycin
data/genomes/ERV108.fna	NZ_JH814345.1	31472	32020	+	aac(6')-Ii_1	1-549/549	===============	0/0	100.00	99.64	resfinder	L12710	aac(6')-Ii	Dibekacin;Gentamicin;Netilmicin;Sisomicin;Tobramycin
data/genomes/ERV108.fna	NZ_JH814346.1	2138	4744	+	VanHAX_2	1-2607/2607	===============	0/0	100.00	99.92	resfinder	M97297	VanHAX	Teicoplanin;Vancomycin
data/genomes/ERV108.fna	NZ_JH814383.1	759	1667	+	ant(6)-Ia_1	1-909/909	===============	0/0	100.00	100.00	resfinder	AF330699	ant(6)-Ia	Streptomycin
data/genomes/ERV108.fna	NZ_JH814389.1	48680	50158	+	msr(C)_1	1-1479/1479	===============	0/0	100.00	98.92	resfinder	AY004350	msr(C)	Erythromycin;Pristinamycin_IA;Quinupristin;Telithromycin;Virginiamycin_S
data/genomes/ERV108.fna	NZ_JH814401.1	1900	2662	-	erm(B)_18	1-762/762	========/======	1/1	100.00	99.08	resfinder	X66468	erm(B)	Clindamycin;Erythromycin;Lincomycin;Pristinamycin_IA;Quinupristin;Virginiamycin_S
data/genomes/ERV108.fna	NZ_JH814401.1	3387	4181	-	aph(3')-III_1	1-795/795	===============	0/0	100.00	100.00	resfinder	M26832	aph(3')-III	Amikacin;Butirosin;Isepamicin;Kanamycin;Lividomycin;Neomycin;Paromomycin;Ribostamycin
data/genomes/ERV109.fna	NZ_JH812059.1	234	2840	+	VanHAX_2	1-2607/2607	===============	0/0	100.00	99.92	resfinder	M97297	VanHAX	Teicoplanin;Vancomycin
data/genomes/ERV109.fna	NZ_JH812066.1	44680	45228	+	aac(6')-Ii_1	1-549/549	===============	0/0	100.00	99.64	resfinder	L12710	aac(6')-Ii	Dibekacin;Gentamicin;Netilmicin;Sisomicin;Tobramycin
data/genomes/ERV109.fna	NZ_JH812080.1	651	1148	+	dfrG_1	1-498/498	===============	0/0	100.00	100.00	resfinder	AB205645	dfrG	Trimethoprim
data/genomes/ERV109.fna	NZ_JH812142.1	201	935	+	erm(T)_2	1-735/735	===============	0/0	100.00	100.00	resfinder	AY894138	erm(T)	Clindamycin;Erythromycin;Lincomycin;Pristinamycin_IA;Quinupristin;Virginiamycin_S
data/genomes/ERV109.fna	NZ_JH812149.1	27836	29314	+	msr(C)_1	1-1479/1479	===============	0/0	100.00	98.99	resfinder	AY004350	msr(C)	Erythromycin;Pristinamycin_IA;Quinupristin;Telithromycin;Virginiamycin_S
data/genomes/ERV109.fna	NZ_JH812150.1	575	1917	+	tet(L)_2	35-1377/1377	===============	0/0	97.53	99.93	resfinder	M29725	tet(L)	Doxycycline;Minocycline;Tetracycline;Tigecycline
data/genomes/ERV109.fna	NZ_JH812157.1	71	1510	-	aac(6')-aph(2'')_1	1-1440/1440	===============	0/0	100.00	100.00	resfinder	M13771	aac(6')-aph(2'')	Amikacin;Dibekacin;Fortimicin;Gentamicin;Isepamicin;Kanamycin;Netilmicin;Streptomycin;Tobramycin
data/genomes/ERV113.fna	NZ_MJEW01000006.1	3996	4493	-	dfrG_1	1-498/498	===============	0/0	100.00	100.00	resfinder	AB205645	dfrG	Trimethoprim
data/genomes/ERV113.fna	NZ_MJEW01000033.1	225	2831	+	VanHAX_2	1-2607/2607	===============	0/0	100.00	99.92	resfinder	M97297	VanHAX	Teicoplanin;Vancomycin
data/genomes/ERV113.fna	NZ_MJEW01000049.1	27845	29323	+	msr(C)_1	1-1479/1479	===============	0/0	100.00	98.99	resfinder	AY004350	msr(C)	Erythromycin;Pristinamycin_IA;Quinupristin;Telithromycin;Virginiamycin_S
data/genomes/ERV113.fna	NZ_MJEW01000081.1	249	1011	+	erm(B)_18	1-762/762	========/======	1/1	100.00	99.34	resfinder	X66468	erm(B)	Clindamycin;Erythromycin;Lincomycin;Pristinamycin_IA;Quinupristin;Virginiamycin_S
data/genomes/ERV113.fna	NZ_MJEW01000264.1	154	702	+	aac(6')-Ii_1	1-549/549	===============	0/0	100.00	99.64	resfinder	L12710	aac(6')-Ii	Dibekacin;Gentamicin;Netilmicin;Sisomicin;Tobramycin
data/genomes/ERV113.fna	NZ_MJEW01000308.1	561	1903	+	tet(L)_2	35-1377/1377	===============	0/0	97.53	99.93	resfinder	M29725	tet(L)	Doxycycline;Minocycline;Tetracycline;Tigecycline
data/genomes/ERV113.fna	NZ_MJEW01000346.1	3463	4371	+	ant(6)-Ia_1	1-909/909	===============	0/0	100.00	100.00	resfinder	AF330699	ant(6)-Ia	Streptomycin
data/genomes/ERV113.fna	NZ_MJEW01000346.1	5003	5797	+	aph(3')-III_1	1-795/795	===============	0/0	100.00	100.00	resfinder	M26832	aph(3')-III	Amikacin;Butirosin;Isepamicin;Kanamycin;Lividomycin;Neomycin;Paromomycin;Ribostamycin
data/genomes/ERV114.fna	NZ_JH813239.1	31472	32020	+	aac(6')-Ii_1	1-549/549	===============	0/0	100.00	99.64	resfinder	L12710	aac(6')-Ii	Dibekacin;Gentamicin;Netilmicin;Sisomicin;Tobramycin
data/genomes/ERV114.fna	NZ_JH813283.1	4924	7530	-	VanHAX_2	1-2607/2607	===============	0/0	100.00	99.92	resfinder	M97297	VanHAX	Teicoplanin;Vancomycin
data/genomes/ERV114.fna	NZ_JH813310.1	64	867	+	lnu(B)_2	1-804/804	===============	0/0	100.00	100.00	resfinder	JQ861959	lnu(B)	Clindamycin;Lincomycin
data/genomes/ERV114.fna	NZ_JH813310.1	4375	5283	+	ant(6)-Ia_1	1-909/909	===============	0/0	100.00	100.00	resfinder	AF330699	ant(6)-Ia	Streptomycin
data/genomes/ERV114.fna	NZ_JH813329.1	2563	4041	-	msr(C)_1	1-1479/1479	===============	0/0	100.00	98.92	resfinder	AY004350	msr(C)	Erythromycin;Pristinamycin_IA;Quinupristin;Telithromycin;Virginiamycin_S
data/genomes/ERV114.fna	NZ_JH813372.1	1900	2662	-	erm(B)_18	1-762/762	========/======	1/1	100.00	99.08	resfinder	X66468	erm(B)	Clindamycin;Erythromycin;Lincomycin;Pristinamycin_IA;Quinupristin;Virginiamycin_S
data/genomes/ERV114.fna	NZ_JH813372.1	3387	4181	-	aph(3')-III_1	1-795/795	===============	0/0	100.00	100.00	resfinder	M26832	aph(3')-III	Amikacin;Butirosin;Isepamicin;Kanamycin;Lividomycin;Neomycin;Paromomycin;Ribostamycin
data/genomes/ERV114.fna	NZ_JH813394.1	297	1607	-	aac(6')-aph(2'')_1	130-1440/1440	.==============	0/0	91.04	100.00	resfinder	M13771	aac(6')-aph(2'')	Amikacin;Dibekacin;Fortimicin;Gentamicin;Isepamicin;Kanamycin;Netilmicin;Streptomycin;Tobramycin
data/genomes/ERV115.fna	NZ_MTRV01000034.1	22242	23720	+	msr(C)_1	1-1479/1479	===============	0/0	100.00	98.92	resfinder	AY004350	msr(C)	Erythromycin;Pristinamycin_IA;Quinupristin;Telithromycin;Virginiamycin_S
data/genomes/ERV115.fna	NZ_MTRV01000065.1	129	2735	-	VanHAX_2	1-2607/2607	===============	0/0	100.00	99.92	resfinder	M97297	VanHAX	Teicoplanin;Vancomycin
data/genomes/ERV115.fna	NZ_MTRV01000083.1	812	1606	-	aph(3')-III_1	1-795/795	===============	0/0	100.00	100.00	resfinder	M26832	aph(3')-III	Amikacin;Butirosin;Isepamicin;Kanamycin;Lividomycin;Neomycin;Paromomycin;Ribostamycin
data/genomes/ERV115.fna	NZ_MTRV01000083.1	2238	3150	-	ant(6)-Ia_1	1-909/909	========/======	1/4	100.00	99.56	resfinder	AF330699	ant(6)-Ia	Streptomycin
data/genomes/ERV115.fna	NZ_MTRV01000083.1	6409	7171	-	erm(B)_18	1-762/762	========/======	1/1	100.00	99.34	resfinder	X66468	erm(B)	Clindamycin;Erythromycin;Lincomycin;Pristinamycin_IA;Quinupristin;Virginiamycin_S
data/genomes/ERV115.fna	NZ_MTRV01000291.1	19	567	-	aac(6')-Ii_1	1-549/549	===============	0/0	100.00	99.64	resfinder	L12710	aac(6')-Ii	Dibekacin;Gentamicin;Netilmicin;Sisomicin;Tobramycin
data/genomes/ERV118.fna	NZ_MTRU01000017.1	129	2735	-	VanHAX_2	1-2607/2607	===============	0/0	100.00	99.92	resfinder	M97297	VanHAX	Teicoplanin;Vancomycin
data/genomes/ERV118.fna	NZ_MTRU01000056.1	53160	54638	+	msr(C)_1	1-1479/1479	===============	0/0	100.00	98.92	resfinder	AY004350	msr(C)	Erythromycin;Pristinamycin_IA;Quinupristin;Telithromycin;Virginiamycin_S
data/genomes/ERV118.fna	NZ_MTRU01000057.1	812	1606	-	aph(3')-III_1	1-795/795	===============	0/0	100.00	100.00	resfinder	M26832	aph(3')-III	Amikacin;Butirosin;Isepamicin;Kanamycin;Lividomycin;Neomycin;Paromomycin;Ribostamycin
data/genomes/ERV118.fna	NZ_MTRU01000057.1	2238	3150	-	ant(6)-Ia_1	1-909/909	========/======	1/4	100.00	99.56	resfinder	AF330699	ant(6)-Ia	Streptomycin
data/genomes/ERV118.fna	NZ_MTRU01000057.1	6409	7171	-	erm(B)_18	1-762/762	========/======	1/1	100.00	99.34	resfinder	X66468	erm(B)	Clindamycin;Erythromycin;Lincomycin;Pristinamycin_IA;Quinupristin;Virginiamycin_S
data/genomes/ERV118.fna	NZ_MTRU01000060.1	13088	13636	+	aac(6')-Ii_1	1-549/549	===============	0/0	100.00	99.64	resfinder	L12710	aac(6')-Ii	Dibekacin;Gentamicin;Netilmicin;Sisomicin;Tobramycin
data/genomes/ERV121.fna	NZ_JH810540.1	65083	65631	-	aac(6')-Ii_1	1-549/549	===============	0/0	100.00	99.64	resfinder	L12710	aac(6')-Ii	Dibekacin;Gentamicin;Netilmicin;Sisomicin;Tobramycin
data/genomes/ERV121.fna	NZ_JH810580.1	29	778	-	erm(B)_18	13-762/762	===============	0/0	98.43	99.47	resfinder	X66468	erm(B)	Clindamycin;Erythromycin;Lincomycin;Pristinamycin_IA;Quinupristin;Virginiamycin_S
data/genomes/ERV121.fna	NZ_JH810597.1	575	1917	+	tet(L)_2	35-1377/1377	===============	0/0	97.53	99.93	resfinder	M29725	tet(L)	Doxycycline;Minocycline;Tetracycline;Tigecycline
data/genomes/ERV121.fna	NZ_JH810606.1	359	1006	-	cat_5	1-648/648	===============	0/0	100.00	100.00	resfinder	U35036	cat	Chloramphenicol
data/genomes/ERV121.fna	NZ_JH810616.1	108	1547	-	aac(6')-aph(2'')_1	1-1440/1440	===============	0/0	100.00	99.93	resfinder	M13771	aac(6')-aph(2'')	Amikacin;Dibekacin;Fortimicin;Gentamicin;Isepamicin;Kanamycin;Netilmicin;Streptomycin;Tobramycin
data/genomes/ERV121.fna	NZ_JH810687.1	11543	12451	+	ant(6)-Ia_1	1-909/909	===============	0/0	100.00	100.00	resfinder	AF330699	ant(6)-Ia	Streptomycin
data/genomes/ERV121.fna	NZ_JH810687.1	13083	13877	+	aph(3')-III_1	1-795/795	===============	0/0	100.00	100.00	resfinder	M26832	aph(3')-III	Amikacin;Butirosin;Isepamicin;Kanamycin;Lividomycin;Neomycin;Paromomycin;Ribostamycin
data/genomes/ERV121.fna	NZ_JH810711.1	27794	29272	+	msr(C)_1	1-1479/1479	===============	0/0	100.00	98.99	resfinder	AY004350	msr(C)	Erythromycin;Pristinamycin_IA;Quinupristin;Telithromycin;Virginiamycin_S
data/genomes/ERV122.fna	NZ_JH810096.1	2708	3205	-	dfrG_1	1-498/498	===============	0/0	100.00	100.00	resfinder	AB205645	dfrG	Trimethoprim
data/genomes/ERV122.fna	NZ_JH810105.1	44680	45228	+	aac(6')-Ii_1	1-549/549	===============	0/0	100.00	99.64	resfinder	L12710	aac(6')-Ii	Dibekacin;Gentamicin;Netilmicin;Sisomicin;Tobramycin
data/genomes/ERV122.fna	NZ_JH810174.1	826	1620	-	aph(3')-III_1	1-795/795	===============	0/0	100.00	100.00	resfinder	M26832	aph(3')-III	Amikacin;Butirosin;Isepamicin;Kanamycin;Lividomycin;Neomycin;Paromomycin;Ribostamycin
data/genomes/ERV122.fna	NZ_JH810174.1	2252	3164	-	ant(6)-Ia_1	1-909/909	========/======	1/4	100.00	99.56	resfinder	AF330699	ant(6)-Ia	Streptomycin
data/genomes/ERV122.fna	NZ_JH810174.1	6423	7185	-	erm(B)_18	1-762/762	========/======	1/1	100.00	99.34	resfinder	X66468	erm(B)	Clindamycin;Erythromycin;Lincomycin;Pristinamycin_IA;Quinupristin;Virginiamycin_S
data/genomes/ERV122.fna	NZ_JH810215.1	27790	29268	+	msr(C)_1	1-1479/1479	===============	0/0	100.00	98.99	resfinder	AY004350	msr(C)	Erythromycin;Pristinamycin_IA;Quinupristin;Telithromycin;Virginiamycin_S
data/genomes/ERV122.fna	NZ_JH810224.1	240	2846	+	VanHAX_2	1-2607/2607	===============	0/0	100.00	99.92	resfinder	M97297	VanHAX	Teicoplanin;Vancomycin
data/genomes/ERV122.fna	NZ_JH810229.1	200	934	+	erm(T)_2	1-735/735	===============	0/0	100.00	100.00	resfinder	AY894138	erm(T)	Clindamycin;Erythromycin;Lincomycin;Pristinamycin_IA;Quinupristin;Virginiamycin_S
data/genomes/ERV122.fna	NZ_JH810238.1	2959	4301	-	tet(L)_2	35-1377/1377	===============	0/0	97.53	99.93	resfinder	M29725	tet(L)	Doxycycline;Minocycline;Tetracycline;Tigecycline
data/genomes/ERV123.fna	NZ_JH809191.1	2261	4867	-	VanHAX_2	1-2607/2607	===============	0/0	100.00	99.92	resfinder	M97297	VanHAX	Teicoplanin;Vancomycin
data/genomes/ERV123.fna	NZ_JH809241.1	1	750	+	erm(B)_18	13-762/762	===============	0/0	98.43	99.60	resfinder	X66468	erm(B)	Clindamycin;Erythromycin;Lincomycin;Pristinamycin_IA;Quinupristin;Virginiamycin_S
data/genomes/ERV123.fna	NZ_JH809266.1	11591	12499	+	ant(6)-Ia_1	1-909/909	===============	0/0	100.00	100.00	resfinder	AF330699	ant(6)-Ia	Streptomycin
data/genomes/ERV123.fna	NZ_JH809266.1	13131	13925	+	aph(3')-III_1	1-795/795	===============	0/0	100.00	100.00	resfinder	M26832	aph(3')-III	Amikacin;Butirosin;Isepamicin;Kanamycin;Lividomycin;Neomycin;Paromomycin;Ribostamycin
data/genomes/ERV123.fna	NZ_JH809273.1	114	1553	-	aac(6')-aph(2'')_1	1-1440/1440	===============	0/0	100.00	99.93	resfinder	M13771	aac(6')-aph(2'')	Amikacin;Dibekacin;Fortimicin;Gentamicin;Isepamicin;Kanamycin;Netilmicin;Streptomycin;Tobramycin
data/genomes/ERV123.fna	NZ_JH809297.1	65185	65733	-	aac(6')-Ii_1	1-549/549	===============	0/0	100.00	99.64	resfinder	L12710	aac(6')-Ii	Dibekacin;Gentamicin;Netilmicin;Sisomicin;Tobramycin
data/genomes/ERV123.fna	NZ_JH809299.1	575	1917	+	tet(L)_2	35-1377/1377	===============	0/0	97.53	99.93	resfinder	M29725	tet(L)	Doxycycline;Minocycline;Tetracycline;Tigecycline
data/genomes/ERV123.fna	NZ_JH809398.1	159	806	+	cat_5	1-648/648	===============	0/0	100.00	100.00	resfinder	U35036	cat	Chloramphenicol
data/genomes/ERV123.fna	NZ_JH809399.1	27803	29281	+	msr(C)_1	1-1479/1479	===============	0/0	100.00	98.99	resfinder	AY004350	msr(C)	Erythromycin;Pristinamycin_IA;Quinupristin;Telithromycin;Virginiamycin_S
data/genomes/ERV124.fna	NZ_JH808997.1	284	1046	+	erm(B)_18	1-762/762	========/======	1/1	100.00	99.34	resfinder	X66468	erm(B)	Clindamycin;Erythromycin;Lincomycin;Pristinamycin_IA;Quinupristin;Virginiamycin_S
data/genomes/ERV124.fna	NZ_JH808997.1	4305	5217	+	ant(6)-Ia_1	1-909/909	========/======	1/4	100.00	99.56	resfinder	AF330699	ant(6)-Ia	Streptomycin
data/genomes/ERV124.fna	NZ_JH808997.1	5849	6643	+	aph(3')-III_1	1-795/795	===============	0/0	100.00	100.00	resfinder	M26832	aph(3')-III	Amikacin;Butirosin;Isepamicin;Kanamycin;Lividomycin;Neomycin;Paromomycin;Ribostamycin
data/genomes/ERV124.fna	NZ_JH809017.1	34096	34644	-	aac(6')-Ii_1	1-549/549	===============	0/0	100.00	99.64	resfinder	L12710	aac(6')-Ii	Dibekacin;Gentamicin;Netilmicin;Sisomicin;Tobramycin
data/genomes/ERV124.fna	NZ_JH809026.1	2561	4039	-	msr(C)_1	1-1479/1479	===============	0/0	100.00	98.92	resfinder	AY004350	msr(C)	Erythromycin;Pristinamycin_IA;Quinupristin;Telithromycin;Virginiamycin_S
data/genomes/ERV124.fna	NZ_JH809028.1	237	2843	+	VanHAX_2	1-2607/2607	===============	0/0	100.00	99.92	resfinder	M97297	VanHAX	Teicoplanin;Vancomycin
data/genomes/ERV124.fna	NZ_JH809113.1	7006	8316	-	aac(6')-aph(2'')_1	130-1440/1440	.==============	0/0	91.04	100.00	resfinder	M13771	aac(6')-aph(2'')	Amikacin;Dibekacin;Fortimicin;Gentamicin;Isepamicin;Kanamycin;Netilmicin;Streptomycin;Tobramycin
data/genomes/ERV125.fna	NZ_JH808849.1	43087	44565	-	msr(C)_1	1-1479/1479	===============	0/0	100.00	98.99	resfinder	AY004350	msr(C)	Erythromycin;Pristinamycin_IA;Quinupristin;Telithromycin;Virginiamycin_S
data/genomes/ERV125.fna	NZ_JH808865.1	62151	62699	-	aac(6')-Ii_1	1-549/549	===============	0/0	100.00	99.64	resfinder	L12710	aac(6')-Ii	Dibekacin;Gentamicin;Netilmicin;Sisomicin;Tobramycin
data/genomes/ERV125.fna	NZ_JH808882.1	109	1548	-	aac(6')-aph(2'')_1	1-1440/1440	===============	0/0	100.00	99.93	resfinder	M13771	aac(6')-aph(2'')	Amikacin;Dibekacin;Fortimicin;Gentamicin;Isepamicin;Kanamycin;Netilmicin;Streptomycin;Tobramycin
data/genomes/ERV125.fna	NZ_JH808885.1	278	775	+	dfrG_1	1-498/498	===============	0/0	100.00	100.00	resfinder	AB205645	dfrG	Trimethoprim
data/genomes/ERV125.fna	NZ_JH808886.1	11615	12523	+	ant(6)-Ia_1	1-909/909	===============	0/0	100.00	100.00	resfinder	AF330699	ant(6)-Ia	Streptomycin
data/genomes/ERV125.fna	NZ_JH808886.1	13155	13949	+	aph(3')-III_1	1-795/795	===============	0/0	100.00	100.00	resfinder	M26832	aph(3')-III	Amikacin;Butirosin;Isepamicin;Kanamycin;Lividomycin;Neomycin;Paromomycin;Ribostamycin
data/genomes/ERV125.fna	NZ_JH808889.1	238	2844	+	VanHAX_2	1-2607/2607	===============	0/0	100.00	99.92	resfinder	M97297	VanHAX	Teicoplanin;Vancomycin
data/genomes/ERV125.fna	NZ_JH808896.1	33	624	-	cat_5	1-592/648	==============.	0/0	91.36	100.00	resfinder	U35036	cat	Chloramphenicol
data/genomes/ERV125.fna	NZ_JH808907.1	27	776	-	erm(B)_18	13-762/762	===============	0/0	98.43	99.47	resfinder	X66468	erm(B)	Clindamycin;Erythromycin;Lincomycin;Pristinamycin_IA;Quinupristin;Virginiamycin_S
data/genomes/ERV125.fna	NZ_JH808919.1	575	1917	+	tet(L)_2	35-1377/1377	===============	0/0	97.53	99.93	resfinder	M29725	tet(L)	Doxycycline;Minocycline;Tetracycline;Tigecycline
data/genomes/ERV127.fna	NZ_MJEX01000043.1	2910	5516	-	VanHAX_2	1-2607/2607	===============	0/0	100.00	99.92	resfinder	M97297	VanHAX	Teicoplanin;Vancomycin
data/genomes/ERV127.fna	NZ_MJEX01000114.1	270	1032	+	erm(B)_18	1-762/762	========/======	1/1	100.00	99.34	resfinder	X66468	erm(B)	Clindamycin;Erythromycin;Lincomycin;Pristinamycin_IA;Quinupristin;Virginiamycin_S
data/genomes/ERV127.fna	NZ_MJEX01000114.1	4291	5199	+	ant(6)-Ia_1	1-909/909	===============	0/0	100.00	100.00	resfinder	AF330699	ant(6)-Ia	Streptomycin
data/genomes/ERV127.fna	NZ_MJEX01000114.1	5831	6625	+	aph(3')-III_1	1-795/795	===============	0/0	100.00	100.00	resfinder	M26832	aph(3')-III	Amikacin;Butirosin;Isepamicin;Kanamycin;Lividomycin;Neomycin;Paromomycin;Ribostamycin
data/genomes/ERV127.fna	NZ_MJEX01000229.1	43	591	-	aac(6')-Ii_1	1-549/549	===============	0/0	100.00	99.64	resfinder	L12710	aac(6')-Ii	Dibekacin;Gentamicin;Netilmicin;Sisomicin;Tobramycin
data/genomes/ERV127.fna	NZ_MJEX01000289.1	2571	4049	-	msr(C)_1	1-1479/1479	===============	0/0	100.00	98.99	resfinder	AY004350	msr(C)	Erythromycin;Pristinamycin_IA;Quinupristin;Telithromycin;Virginiamycin_S
data/genomes/ERV127.fna	NZ_MJEX01000626.1	2173	2670	+	dfrG_1	1-498/498	===============	0/0	100.00	100.00	resfinder	AB205645	dfrG	Trimethoprim
data/genomes/ERV133.fna	NZ_MJEY01000046.1	811	1605	-	aph(3')-III_1	1-795/795	===============	0/0	100.00	100.00	resfinder	M26832	aph(3')-III	Amikacin;Butirosin;Isepamicin;Kanamycin;Lividomycin;Neomycin;Paromomycin;Ribostamycin
data/genomes/ERV133.fna	NZ_MJEY01000046.1	2237	3149	-	ant(6)-Ia_1	1-909/909	========/======	1/4	100.00	99.56	resfinder	AF330699	ant(6)-Ia	Streptomycin
data/genomes/ERV133.fna	NZ_MJEY01000046.1	6408	7170	-	erm(B)_18	1-762/762	========/======	1/1	100.00	99.34	resfinder	X66468	erm(B)	Clindamycin;Erythromycin;Lincomycin;Pristinamycin_IA;Quinupristin;Virginiamycin_S
data/genomes/ERV133.fna	NZ_MJEY01000049.1	225	2831	+	VanHAX_2	1-2607/2607	===============	0/0	100.00	99.92	resfinder	M97297	VanHAX	Teicoplanin;Vancomycin
data/genomes/ERV133.fna	NZ_MJEY01000101.1	11561	12109	-	aac(6')-Ii_1	1-549/549	===============	0/0	100.00	99.64	resfinder	L12710	aac(6')-Ii	Dibekacin;Gentamicin;Netilmicin;Sisomicin;Tobramycin
data/genomes/ERV133.fna	NZ_MJEY01000256.1	34424	35902	-	msr(C)_1	1-1479/1479	===============	0/0	100.00	98.92	resfinder	AY004350	msr(C)	Erythromycin;Pristinamycin_IA;Quinupristin;Telithromycin;Virginiamycin_S
data/genomes/ERV138.fna	NZ_JH811605.1	265	2232	-	optrA_16	1-1968/1968	===============	0/0	100.00	100.00	resfinder	AMBD01000029	optrA	Chloramphenicol;Florfenicol;Linezolid
data/genomes/ERV138.fna	NZ_JH811607.1	8039	9466	-	fexA_1	1-1428/1428	===============	0/0	100.00	99.72	resfinder	AJ549214	fexA	Chloramphenicol;Florfenicol
data/genomes/ERV138.fna	NZ_JH811644.1	69	1508	-	aac(6')-aph(2'')_1	1-1440/1440	===============	0/0	100.00	100.00	resfinder	M13771	aac(6')-aph(2'')	Amikacin;Dibekacin;Fortimicin;Gentamicin;Isepamicin;Kanamycin;Netilmicin;Streptomycin;Tobramycin
data/genomes/ERV138.fna	NZ_JH811648.1	65128	65676	-	aac(6')-Ii_1	1-549/549	===============	0/0	100.00	99.64	resfinder	L12710	aac(6')-Ii	Dibekacin;Gentamicin;Netilmicin;Sisomicin;Tobramycin
data/genomes/ERV138.fna	NZ_JH811659.1	234	2840	+	VanHAX_2	1-2607/2607	===============	0/0	100.00	99.92	resfinder	M97297	VanHAX	Teicoplanin;Vancomycin
data/genomes/ERV138.fna	NZ_JH811666.1	651	1148	+	dfrG_1	1-498/498	===============	0/0	100.00	100.00	resfinder	AB205645	dfrG	Trimethoprim
data/genomes/ERV138.fna	NZ_JH811682.1	4881	5663	+	ant(9)-Ia_1	1-783/783	===============	0/0	100.00	100.00	resfinder	X02588	ant(9)-Ia	Spectinomycin
data/genomes/ERV138.fna	NZ_JH811682.1	5788	6519	-	erm(A)_3	1-732/732	===============	0/0	100.00	100.00	resfinder	EU348758	erm(A)	Clindamycin;Erythromycin;Lincomycin;Pristinamycin_IA;Quinupristin;Virginiamycin_S
data/genomes/ERV138.fna	NZ_JH811705.1	27952	29430	+	msr(C)_1	1-1479/1479	===============	0/0	100.00	98.99	resfinder	AY004350	msr(C)	Erythromycin;Pristinamycin_IA;Quinupristin;Telithromycin;Virginiamycin_S
data/genomes/ERV138.fna	NZ_JH811719.1	575	1917	+	tet(L)_2	35-1377/1377	===============	0/0	97.53	99.93	resfinder	M29725	tet(L)	Doxycycline;Minocycline;Tetracycline;Tigecycline
data/genomes/ERV138.fna	NZ_JH811750.1	709	1443	-	erm(T)_2	1-735/735	===============	0/0	100.00	100.00	resfinder	AY894138	erm(T)	Clindamycin;Erythromycin;Lincomycin;Pristinamycin_IA;Quinupristin;Virginiamycin_S
data/genomes/ERV144.fna	NZ_JH808298.1	4924	7530	-	VanHAX_2	1-2607/2607	===============	0/0	100.00	99.92	resfinder	M97297	VanHAX	Teicoplanin;Vancomycin
data/genomes/ERV144.fna	NZ_JH808344.1	1927	2424	-	dfrG_1	1-498/498	===============	0/0	100.00	100.00	resfinder	AB205645	dfrG	Trimethoprim
data/genomes/ERV144.fna	NZ_JH808375.1	35814	36362	-	aac(6')-Ii_1	1-549/549	===============	0/0	100.00	99.64	resfinder	L12710	aac(6')-Ii	Dibekacin;Gentamicin;Netilmicin;Sisomicin;Tobramycin
data/genomes/ERV144.fna	NZ_JH808411.1	15986	17464	-	msr(C)_1	1-1479/1479	===============	0/0	100.00	98.99	resfinder	AY004350	msr(C)	Erythromycin;Pristinamycin_IA;Quinupristin;Telithromycin;Virginiamycin_S
data/genomes/ERV144.fna	NZ_JH808413.1	1	1311	+	aac(6')-aph(2'')_1	130-1440/1440	.==============	0/0	91.04	100.00	resfinder	M13771	aac(6')-aph(2'')	Amikacin;Dibekacin;Fortimicin;Gentamicin;Isepamicin;Kanamycin;Netilmicin;Streptomycin;Tobramycin
data/genomes/ERV144.fna	NZ_JH808428.1	1	750	+	erm(B)_18	13-762/762	===============	0/0	98.43	99.73	resfinder	X66468	erm(B)	Clindamycin;Erythromycin;Lincomycin;Pristinamycin_IA;Quinupristin;Virginiamycin_S
data/genomes/ERV144.fna	NZ_JH808453.1	5317	6225	+	ant(6)-Ia_1	1-909/909	===============	0/0	100.00	100.00	resfinder	AF330699	ant(6)-Ia	Streptomycin
data/genomes/ERV144.fna	NZ_JH808453.1	6857	7651	+	aph(3')-III_1	1-795/795	===============	0/0	100.00	100.00	resfinder	M26832	aph(3')-III	Amikacin;Butirosin;Isepamicin;Kanamycin;Lividomycin;Neomycin;Paromomycin;Ribostamycin
data/genomes/ERV155.fna	NZ_MJEZ01000065.1	224	2830	+	VanHAX_2	1-2607/2607	===============	0/0	100.00	99.92	resfinder	M97297	VanHAX	Teicoplanin;Vancomycin
data/genomes/ERV155.fna	NZ_MJEZ01000129.1	272	1034	+	erm(B)_18	1-762/762	========/======	1/1	100.00	99.34	resfinder	X66468	erm(B)	Clindamycin;Erythromycin;Lincomycin;Pristinamycin_IA;Quinupristin;Virginiamycin_S
data/genomes/ERV155.fna	NZ_MJEZ01000129.1	4293	5205	+	ant(6)-Ia_1	1-909/909	========/======	1/4	100.00	99.56	resfinder	AF330699	ant(6)-Ia	Streptomycin
data/genomes/ERV155.fna	NZ_MJEZ01000129.1	5837	6631	+	aph(3')-III_1	1-795/795	===============	0/0	100.00	100.00	resfinder	M26832	aph(3')-III	Amikacin;Butirosin;Isepamicin;Kanamycin;Lividomycin;Neomycin;Paromomycin;Ribostamycin
data/genomes/ERV155.fna	NZ_MJEZ01000163.1	21	476	-	aac(6')-Ii_1	94-549/549	..=============	0/0	83.06	99.56	resfinder	L12710	aac(6')-Ii	Dibekacin;Gentamicin;Netilmicin;Sisomicin;Tobramycin
data/genomes/ERV155.fna	NZ_MJEZ01000223.1	6032	7510	+	msr(C)_1	1-1479/1479	===============	0/0	100.00	98.92	resfinder	AY004350	msr(C)	Erythromycin;Pristinamycin_IA;Quinupristin;Telithromycin;Virginiamycin_S
data/genomes/ERV157.fna	NZ_MJFA01000011.1	431	1193	+	erm(B)_18	1-762/762	========/======	1/1	100.00	99.34	resfinder	X66468	erm(B)	Clindamycin;Erythromycin;Lincomycin;Pristinamycin_IA;Quinupristin;Virginiamycin_S
data/genomes/ERV157.fna	NZ_MJFA01000011.1	4452	5364	+	ant(6)-Ia_1	1-909/909	========/======	1/4	100.00	99.56	resfinder	AF330699	ant(6)-Ia	Streptomycin
data/genomes/ERV157.fna	NZ_MJFA01000011.1	5996	6790	+	aph(3')-III_1	1-795/795	===============	0/0	100.00	100.00	resfinder	M26832	aph(3')-III	Amikacin;Butirosin;Isepamicin;Kanamycin;Lividomycin;Neomycin;Paromomycin;Ribostamycin
data/genomes/ERV157.fna	NZ_MJFA01000170.1	152	2758	-	VanHAX_2	1-2607/2607	===============	0/0	100.00	99.92	resfinder	M97297	VanHAX	Teicoplanin;Vancomycin
data/genomes/ERV157.fna	NZ_MJFA01000367.1	80465	81943	-	msr(C)_1	1-1479/1479	===============	0/0	100.00	98.92	resfinder	AY004350	msr(C)	Erythromycin;Pristinamycin_IA;Quinupristin;Telithromycin;Virginiamycin_S
data/genomes/ERV157.fna	NZ_MJFA01000376.1	147	695	-	aac(6')-Ii_1	1-549/549	===============	0/0	100.00	99.64	resfinder	L12710	aac(6')-Ii	Dibekacin;Gentamicin;Netilmicin;Sisomicin;Tobramycin
data/genomes/ERV161.fna	NZ_JH811138.1	31472	32020	+	aac(6')-Ii_1	1-549/549	===============	0/0	100.00	99.64	resfinder	L12710	aac(6')-Ii	Dibekacin;Gentamicin;Netilmicin;Sisomicin;Tobramycin
data/genomes/ERV161.fna	NZ_JH811200.1	1899	2661	-	erm(B)_18	1-762/762	========/======	1/1	100.00	99.08	resfinder	X66468	erm(B)	Clindamycin;Erythromycin;Lincomycin;Pristinamycin_IA;Quinupristin;Virginiamycin_S
data/genomes/ERV161.fna	NZ_JH811200.1	3386	4180	-	aph(3')-III_1	1-795/795	===============	0/0	100.00	100.00	resfinder	M26832	aph(3')-III	Amikacin;Butirosin;Isepamicin;Kanamycin;Lividomycin;Neomycin;Paromomycin;Ribostamycin
data/genomes/ERV161.fna	NZ_JH811231.1	239	2845	+	VanHAX_2	1-2607/2607	===============	0/0	100.00	99.92	resfinder	M97297	VanHAX	Teicoplanin;Vancomycin
data/genomes/ERV161.fna	NZ_JH811243.1	2563	4041	-	msr(C)_1	1-1479/1479	===============	0/0	100.00	98.92	resfinder	AY004350	msr(C)	Erythromycin;Pristinamycin_IA;Quinupristin;Telithromycin;Virginiamycin_S
data/genomes/ERV161.fna	NZ_JH811264.1	297	1607	-	aac(6')-aph(2'')_1	130-1440/1440	.==============	0/0	91.04	100.00	resfinder	M13771	aac(6')-aph(2'')	Amikacin;Dibekacin;Fortimicin;Gentamicin;Isepamicin;Kanamycin;Netilmicin;Streptomycin;Tobramycin
data/genomes/ERV165.fna	NZ_JH810981.1	22244	23722	+	msr(C)_1	1-1479/1479	===============	0/0	100.00	98.92	resfinder	AY004350	msr(C)	Erythromycin;Pristinamycin_IA;Quinupristin;Telithromycin;Virginiamycin_S
data/genomes/ERV165.fna	NZ_JH811012.1	238	2844	+	VanHAX_2	1-2607/2607	===============	0/0	100.00	99.92	resfinder	M97297	VanHAX	Teicoplanin;Vancomycin
data/genomes/ERV165.fna	NZ_JH811020.1	826	1620	-	aph(3')-III_1	1-795/795	===============	0/0	100.00	100.00	resfinder	M26832	aph(3')-III	Amikacin;Butirosin;Isepamicin;Kanamycin;Lividomycin;Neomycin;Paromomycin;Ribostamycin
data/genomes/ERV165.fna	NZ_JH811020.1	2252	3164	-	ant(6)-Ia_1	1-909/909	========/======	1/4	100.00	99.56	resfinder	AF330699	ant(6)-Ia	Streptomycin
data/genomes/ERV165.fna	NZ_JH811020.1	6423	7185	-	erm(B)_18	1-762/762	========/======	1/1	100.00	99.34	resfinder	X66468	erm(B)	Clindamycin;Erythromycin;Lincomycin;Pristinamycin_IA;Quinupristin;Virginiamycin_S
data/genomes/ERV165.fna	NZ_JH811069.1	31472	32020	+	aac(6')-Ii_1	1-549/549	===============	0/0	100.00	99.64	resfinder	L12710	aac(6')-Ii	Dibekacin;Gentamicin;Netilmicin;Sisomicin;Tobramycin
data/genomes/ERV168.fna	NZ_JH809636.1	109	2031	+	tet(M)_2	1-1920/1920	========/======	1/3	100.00	98.02	resfinder	X90939	tet(M)	Doxycycline;Minocycline;Tetracycline
data/genomes/ERV168.fna	NZ_JH809687.1	32	1342	+	aac(6')-aph(2'')_1	130-1440/1440	.==============	0/0	91.04	100.00	resfinder	M13771	aac(6')-aph(2'')	Amikacin;Dibekacin;Fortimicin;Gentamicin;Isepamicin;Kanamycin;Netilmicin;Streptomycin;Tobramycin
data/genomes/ERV168.fna	NZ_JH809688.1	826	1620	-	aph(3')-III_1	1-795/795	===============	0/0	100.00	100.00	resfinder	M26832	aph(3')-III	Amikacin;Butirosin;Isepamicin;Kanamycin;Lividomycin;Neomycin;Paromomycin;Ribostamycin
data/genomes/ERV168.fna	NZ_JH809688.1	2252	3164	-	ant(6)-Ia_1	1-909/909	========/======	1/4	100.00	99.56	resfinder	AF330699	ant(6)-Ia	Streptomycin
data/genomes/ERV168.fna	NZ_JH809688.1	6423	7185	-	erm(B)_18	1-762/762	========/======	1/1	100.00	99.34	resfinder	X66468	erm(B)	Clindamycin;Erythromycin;Lincomycin;Pristinamycin_IA;Quinupristin;Virginiamycin_S
data/genomes/ERV168.fna	NZ_JH809706.1	35809	36357	-	aac(6')-Ii_1	1-549/549	===============	0/0	100.00	99.64	resfinder	L12710	aac(6')-Ii	Dibekacin;Gentamicin;Netilmicin;Sisomicin;Tobramycin
data/genomes/ERV168.fna	NZ_JH809731.1	239	2845	+	VanHAX_2	1-2607/2607	===============	0/0	100.00	99.92	resfinder	M97297	VanHAX	Teicoplanin;Vancomycin
data/genomes/ERV168.fna	NZ_JH809739.1	80063	81541	-	msr(C)_1	1-1479/1479	===============	0/0	100.00	98.92	resfinder	AY004350	msr(C)	Erythromycin;Pristinamycin_IA;Quinupristin;Telithromycin;Virginiamycin_S
data/genomes/ERV172.fna	NZ_MJFB01000030.1	224	2830	+	VanHAX_2	1-2607/2607	===============	0/0	100.00	99.92	resfinder	M97297	VanHAX	Teicoplanin;Vancomycin
data/genomes/ERV172.fna	NZ_MJFB01000168.1	3160	4638	-	msr(C)_1	1-1479/1479	===============	0/0	100.00	98.92	resfinder	AY004350	msr(C)	Erythromycin;Pristinamycin_IA;Quinupristin;Telithromycin;Virginiamycin_S
data/genomes/ERV172.fna	NZ_MJFB01000232.1	95	2017	+	tet(M)_2	1-1920/1920	========/======	1/3	100.00	98.02	resfinder	X90939	tet(M)	Doxycycline;Minocycline;Tetracycline
data/genomes/ERV172.fna	NZ_MJFB01000244.1	812	1606	-	aph(3')-III_1	1-795/795	===============	0/0	100.00	100.00	resfinder	M26832	aph(3')-III	Amikacin;Butirosin;Isepamicin;Kanamycin;Lividomycin;Neomycin;Paromomycin;Ribostamycin
data/genomes/ERV172.fna	NZ_MJFB01000244.1	2238	3150	-	ant(6)-Ia_1	1-909/909	========/======	1/4	100.00	99.56	resfinder	AF330699	ant(6)-Ia	Streptomycin
data/genomes/ERV172.fna	NZ_MJFB01000244.1	6409	7171	-	erm(B)_18	1-762/762	========/======	1/1	100.00	99.34	resfinder	X66468	erm(B)	Clindamycin;Erythromycin;Lincomycin;Pristinamycin_IA;Quinupristin;Virginiamycin_S
data/genomes/ERV172.fna	NZ_MJFB01000310.1	359	907	+	aac(6')-Ii_1	1-549/549	===============	0/0	100.00	99.64	resfinder	L12710	aac(6')-Ii	Dibekacin;Gentamicin;Netilmicin;Sisomicin;Tobramycin
data/genomes/ERV174.fna	NZ_MJFC01000063.1	51	1973	+	tet(M)_2	1-1920/1920	========/======	1/3	100.00	98.02	resfinder	X90939	tet(M)	Doxycycline;Minocycline;Tetracycline
data/genomes/ERV174.fna	NZ_MJFC01000069.1	1820	3298	+	msr(C)_1	1-1479/1479	===============	0/0	100.00	98.92	resfinder	AY004350	msr(C)	Erythromycin;Pristinamycin_IA;Quinupristin;Telithromycin;Virginiamycin_S
data/genomes/ERV174.fna	NZ_MJFC01000224.1	10778	11326	+	aac(6')-Ii_1	1-549/549	===============	0/0	100.00	99.64	resfinder	L12710	aac(6')-Ii	Dibekacin;Gentamicin;Netilmicin;Sisomicin;Tobramycin
data/genomes/ERV174.fna	NZ_MJFC01000257.1	271	1033	+	erm(B)_18	1-762/762	========/======	1/1	100.00	99.34	resfinder	X66468	erm(B)	Clindamycin;Erythromycin;Lincomycin;Pristinamycin_IA;Quinupristin;Virginiamycin_S
data/genomes/ERV174.fna	NZ_MJFC01000257.1	4292	5204	+	ant(6)-Ia_1	1-909/909	========/======	1/4	100.00	99.56	resfinder	AF330699	ant(6)-Ia	Streptomycin
data/genomes/ERV174.fna	NZ_MJFC01000257.1	5836	6630	+	aph(3')-III_1	1-795/795	===============	0/0	100.00	100.00	resfinder	M26832	aph(3')-III	Amikacin;Butirosin;Isepamicin;Kanamycin;Lividomycin;Neomycin;Paromomycin;Ribostamycin
data/genomes/ERV174.fna	NZ_MJFC01000279.1	224	2830	+	VanHAX_2	1-2607/2607	===============	0/0	100.00	99.92	resfinder	M97297	VanHAX	Teicoplanin;Vancomycin
data/genomes/ERV175.fna	NZ_MJFD01000007.1	225	2831	+	VanHAX_2	1-2607/2607	===============	0/0	100.00	99.92	resfinder	M97297	VanHAX	Teicoplanin;Vancomycin
data/genomes/ERV175.fna	NZ_MJFD01000112.1	18492	19970	+	msr(C)_1	1-1479/1479	===============	0/0	100.00	98.99	resfinder	AY004350	msr(C)	Erythromycin;Pristinamycin_IA;Quinupristin;Telithromycin;Virginiamycin_S
data/genomes/ERV175.fna	NZ_MJFD01000114.1	52	1971	+	tet(M)_10	1-1920/1920	===============	0/0	100.00	97.50	resfinder	EU182585	tet(M)	Doxycycline;Minocycline;Tetracycline
data/genomes/ERV175.fna	NZ_MJFD01000114.1	2100	3442	+	tet(L)_2	35-1377/1377	===============	0/0	97.53	99.93	resfinder	M29725	tet(L)	Doxycycline;Minocycline;Tetracycline;Tigecycline
data/genomes/ERV175.fna	NZ_MJFD01000172.1	126	860	-	erm(T)_2	1-735/735	===============	0/0	100.00	100.00	resfinder	AY894138	erm(T)	Clindamycin;Erythromycin;Lincomycin;Pristinamycin_IA;Quinupristin;Virginiamycin_S
data/genomes/ERV175.fna	NZ_MJFD01000263.1	812	1606	-	aph(3')-III_1	1-795/795	===============	0/0	100.00	100.00	resfinder	M26832	aph(3')-III	Amikacin;Butirosin;Isepamicin;Kanamycin;Lividomycin;Neomycin;Paromomycin;Ribostamycin
data/genomes/ERV175.fna	NZ_MJFD01000263.1	2238	3150	-	ant(6)-Ia_1	1-909/909	========/======	1/4	100.00	99.56	resfinder	AF330699	ant(6)-Ia	Streptomycin
data/genomes/ERV175.fna	NZ_MJFD01000263.1	6409	7171	-	erm(B)_18	1-762/762	========/======	1/1	100.00	99.34	resfinder	X66468	erm(B)	Clindamycin;Erythromycin;Lincomycin;Pristinamycin_IA;Quinupristin;Virginiamycin_S
data/genomes/ERV175.fna	NZ_MJFD01000290.1	7326	7874	+	aac(6')-Ii_1	1-549/549	===============	0/0	100.00	99.64	resfinder	L12710	aac(6')-Ii	Dibekacin;Gentamicin;Netilmicin;Sisomicin;Tobramycin
data/genomes/ERV177.fna	NZ_MJFE01000008.1	3265	4743	+	msr(C)_1	1-1479/1479	===============	0/0	100.00	98.92	resfinder	AY004350	msr(C)	Erythromycin;Pristinamycin_IA;Quinupristin;Telithromycin;Virginiamycin_S
data/genomes/ERV177.fna	NZ_MJFE01000072.1	50	1360	-	aac(6')-aph(2'')_1	130-1440/1440	.==============	0/0	91.04	100.00	resfinder	M13771	aac(6')-aph(2'')	Amikacin;Dibekacin;Fortimicin;Gentamicin;Isepamicin;Kanamycin;Netilmicin;Streptomycin;Tobramycin
data/genomes/ERV177.fna	NZ_MJFE01000095.1	225	2831	+	VanHAX_2	1-2607/2607	===============	0/0	100.00	99.92	resfinder	M97297	VanHAX	Teicoplanin;Vancomycin
data/genomes/ERV177.fna	NZ_MJFE01000128.1	7111	9033	-	tet(M)_2	1-1920/1920	========/======	1/3	100.00	98.02	resfinder	X90939	tet(M)	Doxycycline;Minocycline;Tetracycline
data/genomes/ERV177.fna	NZ_MJFE01000138.1	272	1034	+	erm(B)_18	1-762/762	========/======	1/1	100.00	99.34	resfinder	X66468	erm(B)	Clindamycin;Erythromycin;Lincomycin;Pristinamycin_IA;Quinupristin;Virginiamycin_S
data/genomes/ERV177.fna	NZ_MJFE01000138.1	4293	5205	+	ant(6)-Ia_1	1-909/909	========/======	1/4	100.00	99.56	resfinder	AF330699	ant(6)-Ia	Streptomycin
data/genomes/ERV177.fna	NZ_MJFE01000138.1	5837	6631	+	aph(3')-III_1	1-795/795	===============	0/0	100.00	100.00	resfinder	M26832	aph(3')-III	Amikacin;Butirosin;Isepamicin;Kanamycin;Lividomycin;Neomycin;Paromomycin;Ribostamycin
data/genomes/ERV177.fna	NZ_MJFE01000234.1	180	728	-	aac(6')-Ii_1	1-549/549	===============	0/0	100.00	99.64	resfinder	L12710	aac(6')-Ii	Dibekacin;Gentamicin;Netilmicin;Sisomicin;Tobramycin
data/genomes/ERV180.fna	NZ_MJFF01000279.1	272	1034	+	erm(B)_18	1-762/762	========/======	1/1	100.00	99.34	resfinder	X66468	erm(B)	Clindamycin;Erythromycin;Lincomycin;Pristinamycin_IA;Quinupristin;Virginiamycin_S
data/genomes/ERV180.fna	NZ_MJFF01000279.1	4293	5205	+	ant(6)-Ia_1	1-909/909	========/======	1/4	100.00	99.56	resfinder	AF330699	ant(6)-Ia	Streptomycin
data/genomes/ERV180.fna	NZ_MJFF01000279.1	5837	6631	+	aph(3')-III_1	1-795/795	===============	0/0	100.00	100.00	resfinder	M26832	aph(3')-III	Amikacin;Butirosin;Isepamicin;Kanamycin;Lividomycin;Neomycin;Paromomycin;Ribostamycin
data/genomes/ERV180.fna	NZ_MJFF01000358.1	10843	11391	+	aac(6')-Ii_1	1-549/549	===============	0/0	100.00	99.64	resfinder	L12710	aac(6')-Ii	Dibekacin;Gentamicin;Netilmicin;Sisomicin;Tobramycin
data/genomes/ERV180.fna	NZ_MJFF01000370.1	129	2735	-	VanHAX_2	1-2607/2607	===============	0/0	100.00	99.92	resfinder	M97297	VanHAX	Teicoplanin;Vancomycin
data/genomes/ERV180.fna	NZ_MJFF01000372.1	27844	29322	+	msr(C)_1	1-1479/1479	===============	0/0	100.00	98.99	resfinder	AY004350	msr(C)	Erythromycin;Pristinamycin_IA;Quinupristin;Telithromycin;Virginiamycin_S
data/genomes/ERV180.fna	NZ_MJFF01000378.1	20614	21111	+	dfrG_1	1-498/498	===============	0/0	100.00	100.00	resfinder	AB205645	dfrG	Trimethoprim
data/genomes/ERV190.fna	NZ_MJFG01000021.1	4910	7516	-	VanHAX_2	1-2607/2607	===============	0/0	100.00	99.92	resfinder	M97297	VanHAX	Teicoplanin;Vancomycin
data/genomes/ERV190.fna	NZ_MJFG01000051.1	2546	3888	-	tet(L)_2	35-1377/1377	===============	0/0	97.53	99.93	resfinder	M29725	tet(L)	Doxycycline;Minocycline;Tetracycline;Tigecycline
data/genomes/ERV190.fna	NZ_MJFG01000051.1	4017	5936	-	tet(M)_10	1-1920/1920	===============	0/0	100.00	97.50	resfinder	EU182585	tet(M)	Doxycycline;Minocycline;Tetracycline
data/genomes/ERV190.fna	NZ_MJFG01000157.1	141	689	-	aac(6')-Ii_1	1-549/549	===============	0/0	100.00	99.64	resfinder	L12710	aac(6')-Ii	Dibekacin;Gentamicin;Netilmicin;Sisomicin;Tobramycin
data/genomes/ERV190.fna	NZ_MJFG01000345.1	274	1036	+	erm(B)_18	1-762/762	========/======	1/1	100.00	99.34	resfinder	X66468	erm(B)	Clindamycin;Erythromycin;Lincomycin;Pristinamycin_IA;Quinupristin;Virginiamycin_S
data/genomes/ERV190.fna	NZ_MJFG01000345.1	4278	5186	+	ant(6)-Ia_1	1-909/909	===============	0/0	100.00	100.00	resfinder	AF330699	ant(6)-Ia	Streptomycin
data/genomes/ERV190.fna	NZ_MJFG01000345.1	5818	6612	+	aph(3')-III_1	1-795/795	===============	0/0	100.00	99.87	resfinder	M26832	aph(3')-III	Amikacin;Butirosin;Isepamicin;Kanamycin;Lividomycin;Neomycin;Paromomycin;Ribostamycin
data/genomes/ERV190.fna	NZ_MJFG01000348.1	18265	19743	+	msr(C)_1	1-1479/1479	===============	0/0	100.00	98.99	resfinder	AY004350	msr(C)	Erythromycin;Pristinamycin_IA;Quinupristin;Telithromycin;Virginiamycin_S
data/genomes/ERV196.fna	NZ_MJFH01000048.1	13141	13689	+	aac(6')-Ii_1	1-549/549	===============	0/0	100.00	99.64	resfinder	L12710	aac(6')-Ii	Dibekacin;Gentamicin;Netilmicin;Sisomicin;Tobramycin
data/genomes/ERV196.fna	NZ_MJFH01000088.1	812	1606	-	aph(3')-III_1	1-795/795	===============	0/0	100.00	100.00	resfinder	M26832	aph(3')-III	Amikacin;Butirosin;Isepamicin;Kanamycin;Lividomycin;Neomycin;Paromomycin;Ribostamycin
data/genomes/ERV196.fna	NZ_MJFH01000088.1	2238	3150	-	ant(6)-Ia_1	1-909/909	========/======	1/4	100.00	99.56	resfinder	AF330699	ant(6)-Ia	Streptomycin
data/genomes/ERV196.fna	NZ_MJFH01000088.1	6409	7171	-	erm(B)_18	1-762/762	========/======	1/1	100.00	99.34	resfinder	X66468	erm(B)	Clindamycin;Erythromycin;Lincomycin;Pristinamycin_IA;Quinupristin;Virginiamycin_S
data/genomes/ERV196.fna	NZ_MJFH01000278.1	2880	4358	-	msr(C)_1	1-1479/1479	===============	0/0	100.00	98.92	resfinder	AY004350	msr(C)	Erythromycin;Pristinamycin_IA;Quinupristin;Telithromycin;Virginiamycin_S
data/genomes/ERV196.fna	NZ_MJFH01000307.1	224	2830	+	VanHAX_2	1-2607/2607	===============	0/0	100.00	99.92	resfinder	M97297	VanHAX	Teicoplanin;Vancomycin
data/genomes/ERV212.fna	NZ_MTRX01000139.1	2585	4063	-	msr(C)_1	1-1479/1479	===============	0/0	100.00	98.99	resfinder	AY004350	msr(C)	Erythromycin;Pristinamycin_IA;Quinupristin;Telithromycin;Virginiamycin_S
data/genomes/ERV212.fna	NZ_MTRX01000173.1	108	2714	-	VanHAX_2	1-2607/2607	===============	0/0	100.00	99.92	resfinder	M97297	VanHAX	Teicoplanin;Vancomycin
data/genomes/ERV212.fna	NZ_MTRX01000211.1	811	1605	-	aph(3')-III_1	1-795/795	===============	0/0	100.00	100.00	resfinder	M26832	aph(3')-III	Amikacin;Butirosin;Isepamicin;Kanamycin;Lividomycin;Neomycin;Paromomycin;Ribostamycin
data/genomes/ERV212.fna	NZ_MTRX01000211.1	2242	3154	-	ant(6)-Ia_1	1-909/909	========/======	1/4	100.00	99.56	resfinder	AF330699	ant(6)-Ia	Streptomycin
data/genomes/ERV212.fna	NZ_MTRX01000211.1	6413	7175	-	erm(B)_18	1-762/762	========/======	1/1	100.00	99.34	resfinder	X66468	erm(B)	Clindamycin;Erythromycin;Lincomycin;Pristinamycin_IA;Quinupristin;Virginiamycin_S
data/genomes/ERV212.fna	NZ_MTRX01000297.1	7324	7872	+	aac(6')-Ii_1	1-549/549	===============	0/0	100.00	99.64	resfinder	L12710	aac(6')-Ii	Dibekacin;Gentamicin;Netilmicin;Sisomicin;Tobramycin
data/genomes/ERV214.fna	NZ_MJFI01000030.1	15923	17401	-	msr(C)_1	1-1479/1479	===============	0/0	100.00	98.99	resfinder	AY004350	msr(C)	Erythromycin;Pristinamycin_IA;Quinupristin;Telithromycin;Virginiamycin_S
data/genomes/ERV214.fna	NZ_MJFI01000132.1	4	761	+	erm(B)_18	5-762/762	===============	0/0	99.48	99.47	resfinder	X66468	erm(B)	Clindamycin;Erythromycin;Lincomycin;Pristinamycin_IA;Quinupristin;Virginiamycin_S
data/genomes/ERV214.fna	NZ_MJFI01000132.1	4020	4932	+	ant(6)-Ia_1	1-909/909	========/======	1/4	100.00	99.56	resfinder	AF330699	ant(6)-Ia	Streptomycin
data/genomes/ERV214.fna	NZ_MJFI01000132.1	5564	6358	+	aph(3')-III_1	1-795/795	===============	0/0	100.00	100.00	resfinder	M26832	aph(3')-III	Amikacin;Butirosin;Isepamicin;Kanamycin;Lividomycin;Neomycin;Paromomycin;Ribostamycin
data/genomes/ERV214.fna	NZ_MJFI01000474.1	73	621	-	aac(6')-Ii_1	1-549/549	===============	0/0	100.00	99.64	resfinder	L12710	aac(6')-Ii	Dibekacin;Gentamicin;Netilmicin;Sisomicin;Tobramycin
data/genomes/ERV214.fna	NZ_MJFI01000764.1	92	2698	-	VanHAX_2	1-2607/2607	===============	0/0	100.00	99.92	resfinder	M97297	VanHAX	Teicoplanin;Vancomycin
data/genomes/ERV218.fna	NZ_MJFJ01000006.1	13239	13787	+	aac(6')-Ii_1	1-549/549	===============	0/0	100.00	99.64	resfinder	L12710	aac(6')-Ii	Dibekacin;Gentamicin;Netilmicin;Sisomicin;Tobramycin
data/genomes/ERV218.fna	NZ_MJFJ01000159.1	484	1246	-	erm(B)_18	1-762/762	========/======	1/1	100.00	99.34	resfinder	X66468	erm(B)	Clindamycin;Erythromycin;Lincomycin;Pristinamycin_IA;Quinupristin;Virginiamycin_S
data/genomes/ERV218.fna	NZ_MJFJ01000203.1	17	1327	+	aac(6')-aph(2'')_1	130-1440/1440	.==============	0/0	91.04	100.00	resfinder	M13771	aac(6')-aph(2'')	Amikacin;Dibekacin;Fortimicin;Gentamicin;Isepamicin;Kanamycin;Netilmicin;Streptomycin;Tobramycin
data/genomes/ERV218.fna	NZ_MJFJ01000405.1	2895	4373	-	msr(C)_1	1-1479/1479	===============	0/0	100.00	98.92	resfinder	AY004350	msr(C)	Erythromycin;Pristinamycin_IA;Quinupristin;Telithromycin;Virginiamycin_S
data/genomes/ERV218.fna	NZ_MJFJ01000421.1	224	2830	+	VanHAX_2	1-2607/2607	===============	0/0	100.00	99.92	resfinder	M97297	VanHAX	Teicoplanin;Vancomycin
data/genomes/ERV218.fna	NZ_MJFJ01000428.1	2817	3725	+	ant(6)-Ia_1	1-909/909	===============	0/0	100.00	100.00	resfinder	AF330699	ant(6)-Ia	Streptomycin
data/genomes/ERV218.fna	NZ_MJFJ01000428.1	4357	5151	+	aph(3')-III_1	1-795/795	===============	0/0	100.00	100.00	resfinder	M26832	aph(3')-III	Amikacin;Butirosin;Isepamicin;Kanamycin;Lividomycin;Neomycin;Paromomycin;Ribostamycin
data/genomes/ERV220.fna	NZ_MJFK01000088.1	271	1033	+	erm(B)_18	1-762/762	========/======	1/1	100.00	99.34	resfinder	X66468	erm(B)	Clindamycin;Erythromycin;Lincomycin;Pristinamycin_IA;Quinupristin;Virginiamycin_S
data/genomes/ERV220.fna	NZ_MJFK01000088.1	4292	5204	+	ant(6)-Ia_1	1-909/909	========/======	1/4	100.00	99.56	resfinder	AF330699	ant(6)-Ia	Streptomycin
data/genomes/ERV220.fna	NZ_MJFK01000088.1	5836	6630	+	aph(3')-III_1	1-795/795	===============	0/0	100.00	100.00	resfinder	M26832	aph(3')-III	Amikacin;Butirosin;Isepamicin;Kanamycin;Lividomycin;Neomycin;Paromomycin;Ribostamycin
data/genomes/ERV220.fna	NZ_MJFK01000113.1	31453	32001	+	aac(6')-Ii_1	1-549/549	===============	0/0	100.00	99.64	resfinder	L12710	aac(6')-Ii	Dibekacin;Gentamicin;Netilmicin;Sisomicin;Tobramycin
data/genomes/ERV220.fna	NZ_MJFK01000133.1	51	1973	+	tet(M)_2	1-1920/1920	========/======	1/3	100.00	98.02	resfinder	X90939	tet(M)	Doxycycline;Minocycline;Tetracycline
data/genomes/ERV220.fna	NZ_MJFK01000355.1	128	2734	-	VanHAX_2	1-2607/2607	===============	0/0	100.00	99.92	resfinder	M97297	VanHAX	Teicoplanin;Vancomycin
data/genomes/ERV220.fna	NZ_MJFK01000379.1	2700	4178	-	msr(C)_1	1-1479/1479	===============	0/0	100.00	98.92	resfinder	AY004350	msr(C)	Erythromycin;Pristinamycin_IA;Quinupristin;Telithromycin;Virginiamycin_S
data/genomes/ERV223.fna	NZ_MJFL01000024.1	282	830	-	aac(6')-Ii_1	1-549/549	===============	0/0	100.00	99.64	resfinder	L12710	aac(6')-Ii	Dibekacin;Gentamicin;Netilmicin;Sisomicin;Tobramycin
data/genomes/ERV223.fna	NZ_MJFL01000174.1	483	1245	-	erm(B)_18	1-762/762	========/======	1/1	100.00	99.34	resfinder	X66468	erm(B)	Clindamycin;Erythromycin;Lincomycin;Pristinamycin_IA;Quinupristin;Virginiamycin_S
data/genomes/ERV223.fna	NZ_MJFL01000235.1	2790	4268	-	msr(C)_1	1-1479/1479	===============	0/0	100.00	98.92	resfinder	AY004350	msr(C)	Erythromycin;Pristinamycin_IA;Quinupristin;Telithromycin;Virginiamycin_S
data/genomes/ERV223.fna	NZ_MJFL01000297.1	3886	5805	-	tet(M)_7	1-1920/1920	===============	0/0	100.00	99.74	resfinder	FN433596	tet(M)	Doxycycline;Minocycline;Tetracycline
data/genomes/ERV223.fna	NZ_MJFL01000312.1	2817	3725	+	ant(6)-Ia_1	1-909/909	===============	0/0	100.00	100.00	resfinder	AF330699	ant(6)-Ia	Streptomycin
data/genomes/ERV223.fna	NZ_MJFL01000312.1	4357	5151	+	aph(3')-III_1	1-795/795	===============	0/0	100.00	100.00	resfinder	M26832	aph(3')-III	Amikacin;Butirosin;Isepamicin;Kanamycin;Lividomycin;Neomycin;Paromomycin;Ribostamycin
data/genomes/ERV223.fna	NZ_MJFL01000674.1	216	1000	+	lnu(B)_2	1-785/804	===============	0/0	97.64	100.00	resfinder	JQ861959	lnu(B)	Clindamycin;Lincomycin
data/genomes/ERV223.fna	NZ_MJFL01000864.1	221	2827	+	VanHAX_2	1-2607/2607	===============	0/0	100.00	99.92	resfinder	M97297	VanHAX	Teicoplanin;Vancomycin
data/genomes/ERV231.fna	NZ_MJFM01000033.1	16	915	-	ant(6)-Ia_1	1-896/909	========/======	1/4	98.57	99.56	resfinder	AF330699	ant(6)-Ia	Streptomycin
data/genomes/ERV231.fna	NZ_MJFM01000033.1	4174	4936	-	erm(B)_18	1-762/762	========/======	1/1	100.00	99.34	resfinder	X66468	erm(B)	Clindamycin;Erythromycin;Lincomycin;Pristinamycin_IA;Quinupristin;Virginiamycin_S
data/genomes/ERV231.fna	NZ_MJFM01000193.1	225	2831	+	VanHAX_2	1-2607/2607	===============	0/0	100.00	99.92	resfinder	M97297	VanHAX	Teicoplanin;Vancomycin
data/genomes/ERV231.fna	NZ_MJFM01000206.1	664	1458	+	aph(3')-III_1	1-795/795	===============	0/0	100.00	100.00	resfinder	M26832	aph(3')-III	Amikacin;Butirosin;Isepamicin;Kanamycin;Lividomycin;Neomycin;Paromomycin;Ribostamycin
data/genomes/ERV231.fna	NZ_MJFM01000290.1	2585	4063	-	msr(C)_1	1-1479/1479	===============	0/0	100.00	98.99	resfinder	AY004350	msr(C)	Erythromycin;Pristinamycin_IA;Quinupristin;Telithromycin;Virginiamycin_S
data/genomes/ERV231.fna	NZ_MJFM01000390.1	11561	12109	-	aac(6')-Ii_1	1-549/549	===============	0/0	100.00	99.64	resfinder	L12710	aac(6')-Ii	Dibekacin;Gentamicin;Netilmicin;Sisomicin;Tobramycin
data/genomes/ERV237.fna	NZ_MJFN01000016.1	5916	7394	+	msr(C)_1	1-1479/1479	===============	0/0	100.00	98.92	resfinder	AY004350	msr(C)	Erythromycin;Pristinamycin_IA;Quinupristin;Telithromycin;Virginiamycin_S
data/genomes/ERV237.fna	NZ_MJFN01000073.1	13162	13710	+	aac(6')-Ii_1	1-549/549	===============	0/0	100.00	99.64	resfinder	L12710	aac(6')-Ii	Dibekacin;Gentamicin;Netilmicin;Sisomicin;Tobramycin
data/genomes/ERV237.fna	NZ_MJFN01000189.1	1016	1810	-	aph(3')-III_1	1-795/795	===============	0/0	100.00	100.00	resfinder	M26832	aph(3')-III	Amikacin;Butirosin;Isepamicin;Kanamycin;Lividomycin;Neomycin;Paromomycin;Ribostamycin
data/genomes/ERV237.fna	NZ_MJFN01000189.1	2442	3354	-	ant(6)-Ia_1	1-909/909	========/======	1/4	100.00	99.56	resfinder	AF330699	ant(6)-Ia	Streptomycin
data/genomes/ERV237.fna	NZ_MJFN01000189.1	6613	7375	-	erm(B)_18	1-762/762	========/======	1/1	100.00	99.34	resfinder	X66468	erm(B)	Clindamycin;Erythromycin;Lincomycin;Pristinamycin_IA;Quinupristin;Virginiamycin_S
data/genomes/ERV237.fna	NZ_MJFN01000421.1	225	2831	+	VanHAX_2	1-2607/2607	===============	0/0	100.00	99.92	resfinder	M97297	VanHAX	Teicoplanin;Vancomycin
data/genomes/ERV242.fna	NZ_MJFO01000034.1	15934	17412	+	msr(C)_1	1-1479/1479	===============	0/0	100.00	98.92	resfinder	AY004350	msr(C)	Erythromycin;Pristinamycin_IA;Quinupristin;Telithromycin;Virginiamycin_S
data/genomes/ERV242.fna	NZ_MJFO01000041.1	128	2734	-	VanHAX_2	1-2607/2607	===============	0/0	100.00	99.92	resfinder	M97297	VanHAX	Teicoplanin;Vancomycin
data/genomes/ERV242.fna	NZ_MJFO01000091.1	1024	1818	-	aph(3')-III_1	1-795/795	===============	0/0	100.00	100.00	resfinder	M26832	aph(3')-III	Amikacin;Butirosin;Isepamicin;Kanamycin;Lividomycin;Neomycin;Paromomycin;Ribostamycin
data/genomes/ERV242.fna	NZ_MJFO01000091.1	2450	3362	-	ant(6)-Ia_1	1-909/909	========/======	1/4	100.00	99.56	resfinder	AF330699	ant(6)-Ia	Streptomycin
data/genomes/ERV242.fna	NZ_MJFO01000091.1	6621	7383	-	erm(B)_18	1-762/762	========/======	1/1	100.00	99.34	resfinder	X66468	erm(B)	Clindamycin;Erythromycin;Lincomycin;Pristinamycin_IA;Quinupristin;Virginiamycin_S
data/genomes/ERV242.fna	NZ_MJFO01000565.1	14785	15333	+	aac(6')-Ii_1	1-549/549	===============	0/0	100.00	99.64	resfinder	L12710	aac(6')-Ii	Dibekacin;Gentamicin;Netilmicin;Sisomicin;Tobramycin
data/genomes/ERV251.fna	NZ_MJFP01000008.1	6420	7177	+	erm(B)_18	5-762/762	===============	0/0	99.48	99.60	resfinder	X66468	erm(B)	Clindamycin;Erythromycin;Lincomycin;Pristinamycin_IA;Quinupristin;Virginiamycin_S
data/genomes/ERV251.fna	NZ_MJFP01000008.1	10436	11344	+	ant(6)-Ia_1	1-909/909	===============	0/0	100.00	100.00	resfinder	AF330699	ant(6)-Ia	Streptomycin
data/genomes/ERV251.fna	NZ_MJFP01000008.1	11976	12770	+	aph(3')-III_1	1-795/795	===============	0/0	100.00	100.00	resfinder	M26832	aph(3')-III	Amikacin;Butirosin;Isepamicin;Kanamycin;Lividomycin;Neomycin;Paromomycin;Ribostamycin
data/genomes/ERV251.fna	NZ_MJFP01000010.1	31457	32005	+	aac(6')-Ii_1	1-549/549	===============	0/0	100.00	99.64	resfinder	L12710	aac(6')-Ii	Dibekacin;Gentamicin;Netilmicin;Sisomicin;Tobramycin
data/genomes/ERV251.fna	NZ_MJFP01000201.1	2909	4387	-	msr(C)_1	1-1479/1479	===============	0/0	100.00	98.92	resfinder	AY004350	msr(C)	Erythromycin;Pristinamycin_IA;Quinupristin;Telithromycin;Virginiamycin_S
data/genomes/ERV251.fna	NZ_MJFP01000299.1	52	1971	+	tet(M)_5	1-1920/1920	===============	0/0	100.00	98.33	resfinder	U58985	tet(M)	Doxycycline;Minocycline;Tetracycline
data/genomes/ERV251.fna	NZ_MJFP01000342.1	224	2830	+	VanHAX_2	1-2607/2607	===============	0/0	100.00	99.92	resfinder	M97297	VanHAX	Teicoplanin;Vancomycin
data/genomes/ERV26.fna	NZ_JH809892.1	18293	20212	-	tet(M)_5	1-1920/1920	===============	0/0	100.00	99.17	resfinder	U58985	tet(M)	Doxycycline;Minocycline;Tetracycline
data/genomes/ERV26.fna	NZ_JH809924.1	13339	13887	+	aac(6')-Ii_1	1-549/549	===============	0/0	100.00	99.64	resfinder	L12710	aac(6')-Ii	Dibekacin;Gentamicin;Netilmicin;Sisomicin;Tobramycin
data/genomes/ERV26.fna	NZ_JH810004.1	236	2842	+	VanHAX_2	1-2607/2607	===============	0/0	100.00	99.92	resfinder	M97297	VanHAX	Teicoplanin;Vancomycin
data/genomes/ERV26.fna	NZ_JH810033.1	28884	30362	+	msr(C)_1	1-1479/1479	===============	0/0	100.00	98.99	resfinder	AY004350	msr(C)	Erythromycin;Pristinamycin_IA;Quinupristin;Telithromycin;Virginiamycin_S
data/genomes/ERV26.fna	NZ_JH810057.1	8373	9122	-	erm(B)_18	13-762/762	===============	0/0	98.43	99.33	resfinder	X66468	erm(B)	Clindamycin;Erythromycin;Lincomycin;Pristinamycin_IA;Quinupristin;Virginiamycin_S
data/genomes/ERV263.fna	NZ_MJFQ01000054.1	813	1607	-	aph(3')-III_1	1-795/795	===============	0/0	100.00	100.00	resfinder	M26832	aph(3')-III	Amikacin;Butirosin;Isepamicin;Kanamycin;Lividomycin;Neomycin;Paromomycin;Ribostamycin
data/genomes/ERV263.fna	NZ_MJFQ01000054.1	2244	3156	-	ant(6)-Ia_1	1-909/909	========/======	1/4	100.00	99.56	resfinder	AF330699	ant(6)-Ia	Streptomycin
data/genomes/ERV263.fna	NZ_MJFQ01000054.1	6415	7177	-	erm(B)_18	1-762/762	========/======	1/1	100.00	99.34	resfinder	X66468	erm(B)	Clindamycin;Erythromycin;Lincomycin;Pristinamycin_IA;Quinupristin;Virginiamycin_S
data/genomes/ERV263.fna	NZ_MJFQ01000201.1	185	733	-	aac(6')-Ii_1	1-549/549	===============	0/0	100.00	99.64	resfinder	L12710	aac(6')-Ii	Dibekacin;Gentamicin;Netilmicin;Sisomicin;Tobramycin
data/genomes/ERV263.fna	NZ_MJFQ01000311.1	225	2831	+	VanHAX_2	1-2607/2607	===============	0/0	100.00	99.92	resfinder	M97297	VanHAX	Teicoplanin;Vancomycin
data/genomes/ERV263.fna	NZ_MJFQ01000318.1	26280	27758	+	msr(C)_1	1-1479/1479	===============	0/0	100.00	98.99	resfinder	AY004350	msr(C)	Erythromycin;Pristinamycin_IA;Quinupristin;Telithromycin;Virginiamycin_S
data/genomes/ERV270.fna	NZ_MJFR01000013.1	13428	13976	+	aac(6')-Ii_1	1-549/549	===============	0/0	100.00	99.64	resfinder	L12710	aac(6')-Ii	Dibekacin;Gentamicin;Netilmicin;Sisomicin;Tobramycin
data/genomes/ERV270.fna	NZ_MJFR01000216.1	1	786	+	ant(6)-Ia_1	124-909/909	..=============	0/0	86.47	100.00	resfinder	AF330699	ant(6)-Ia	Streptomycin
data/genomes/ERV270.fna	NZ_MJFR01000216.1	1418	2212	+	aph(3')-III_1	1-795/795	===============	0/0	100.00	100.00	resfinder	M26832	aph(3')-III	Amikacin;Butirosin;Isepamicin;Kanamycin;Lividomycin;Neomycin;Paromomycin;Ribostamycin
data/genomes/ERV270.fna	NZ_MJFR01000236.1	182	2788	+	VanHAX_2	1-2607/2607	===============	0/0	100.00	99.92	resfinder	M97297	VanHAX	Teicoplanin;Vancomycin
data/genomes/ERV270.fna	NZ_MJFR01000273.1	48	699	-	erm(B)_9	87-738/738	.==============	0/0	88.35	100.00	resfinder	AF299292	erm(B)	Clindamycin;Erythromycin;Lincomycin;Pristinamycin_IA;Quinupristin;Virginiamycin_S
data/genomes/ERV270.fna	NZ_MJFR01000337.1	26278	27756	+	msr(C)_1	1-1479/1479	===============	0/0	100.00	98.99	resfinder	AY004350	msr(C)	Erythromycin;Pristinamycin_IA;Quinupristin;Telithromycin;Virginiamycin_S
data/genomes/ERV275.fna	NZ_MJFS01000011.1	4909	7515	-	VanHAX_2	1-2607/2607	===============	0/0	100.00	99.92	resfinder	M97297	VanHAX	Teicoplanin;Vancomycin
data/genomes/ERV275.fna	NZ_MJFS01000015.1	7892	8440	-	aac(6')-Ii_1	1-549/549	===============	0/0	100.00	99.64	resfinder	L12710	aac(6')-Ii	Dibekacin;Gentamicin;Netilmicin;Sisomicin;Tobramycin
data/genomes/ERV275.fna	NZ_MJFS01000126.1	420	1859	+	aac(6')-aph(2'')_1	1-1440/1440	===============	0/0	100.00	99.93	resfinder	M13771	aac(6')-aph(2'')	Amikacin;Dibekacin;Fortimicin;Gentamicin;Isepamicin;Kanamycin;Netilmicin;Streptomycin;Tobramycin
data/genomes/ERV275.fna	NZ_MJFS01000161.1	1	750	+	erm(B)_18	13-762/762	===============	0/0	98.43	99.73	resfinder	X66468	erm(B)	Clindamycin;Erythromycin;Lincomycin;Pristinamycin_IA;Quinupristin;Virginiamycin_S
data/genomes/ERV275.fna	NZ_MJFS01000210.1	6984	8033	+	cfr(B)_1	1-1050/1050	===============	0/0	100.00	100.00	resfinder	KM359439	cfr(B)	Chloramphenicol;Clindamycin;Dalfopristin;Florfenicol;Lincomycin;Linezolid;Pristinamycin_IIA;Tiamulin;Virginiamycin_M
data/genomes/ERV275.fna	NZ_MJFS01000229.1	2585	4063	-	msr(C)_1	1-1479/1479	===============	0/0	100.00	98.92	resfinder	AY004350	msr(C)	Erythromycin;Pristinamycin_IA;Quinupristin;Telithromycin;Virginiamycin_S
data/genomes/ERV275.fna	NZ_MJFS01000231.1	758	1552	-	aph(3')-III_1	1-795/795	===============	0/0	100.00	100.00	resfinder	M26832	aph(3')-III	Amikacin;Butirosin;Isepamicin;Kanamycin;Lividomycin;Neomycin;Paromomycin;Ribostamycin
data/genomes/ERV275.fna	NZ_MJFS01000231.1	2184	3092	-	ant(6)-Ia_1	1-909/909	===============	0/0	100.00	100.00	resfinder	AF330699	ant(6)-Ia	Streptomycin
data/genomes/ERV279.fna	NZ_MJFT01000139.1	278	775	+	dfrG_1	1-498/498	===============	0/0	100.00	100.00	resfinder	AB205645	dfrG	Trimethoprim
data/genomes/ERV279.fna	NZ_MJFT01000258.1	244	792	+	aac(6')-Ii_1	1-549/549	===============	0/0	100.00	99.64	resfinder	L12710	aac(6')-Ii	Dibekacin;Gentamicin;Netilmicin;Sisomicin;Tobramycin
data/genomes/ERV279.fna	NZ_MJFT01000268.1	2551	4029	-	msr(C)_1	1-1479/1479	===============	0/0	100.00	98.99	resfinder	AY004350	msr(C)	Erythromycin;Pristinamycin_IA;Quinupristin;Telithromycin;Virginiamycin_S
data/genomes/ERV279.fna	NZ_MJFT01000364.1	29	791	-	erm(B)_18	1-762/762	========/======	1/1	100.00	99.34	resfinder	X66468	erm(B)	Clindamycin;Erythromycin;Lincomycin;Pristinamycin_IA;Quinupristin;Virginiamycin_S
data/genomes/ERV279.fna	NZ_MJFT01000364.1	1516	2310	-	aph(3')-III_1	1-795/795	===============	0/0	100.00	100.00	resfinder	M26832	aph(3')-III	Amikacin;Butirosin;Isepamicin;Kanamycin;Lividomycin;Neomycin;Paromomycin;Ribostamycin
data/genomes/ERV279.fna	NZ_MJFT01000364.1	2942	3850	-	ant(6)-Ia_1	1-909/909	===============	0/0	100.00	100.00	resfinder	AF330699	ant(6)-Ia	Streptomycin
data/genomes/ERV279.fna	NZ_MJFT01000403.1	128	2734	-	VanHAX_2	1-2607/2607	===============	0/0	100.00	99.92	resfinder	M97297	VanHAX	Teicoplanin;Vancomycin
data/genomes/ERV28.fna	NZ_MU020449.1	14828	16306	-	msr(C)_1	1-1479/1479	===============	0/0	100.00	98.99	resfinder	AY004350	msr(C)	Erythromycin;Pristinamycin_IA;Quinupristin;Telithromycin;Virginiamycin_S
data/genomes/ERV28.fna	NZ_MU020469.1	8263	8811	+	aac(6')-Ii_1	1-549/549	===============	0/0	100.00	99.64	resfinder	L12710	aac(6')-Ii	Dibekacin;Gentamicin;Netilmicin;Sisomicin;Tobramycin
data/genomes/ERV28.fna	NZ_MU020862.1	1	786	-	aph(3')-III_1	1-786/795	===============	0/0	98.87	100.00	resfinder	M26832	aph(3')-III	Amikacin;Butirosin;Isepamicin;Kanamycin;Lividomycin;Neomycin;Paromomycin;Ribostamycin
data/genomes/ERV28.fna	NZ_MU020862.1	1418	2326	-	ant(6)-Ia_1	1-909/909	===============	0/0	100.00	100.00	resfinder	AF330699	ant(6)-Ia	Streptomycin
data/genomes/ERV28.fna	NZ_MU020862.1	5585	6334	-	erm(B)_18	13-762/762	===============	0/0	98.43	99.60	resfinder	X66468	erm(B)	Clindamycin;Erythromycin;Lincomycin;Pristinamycin_IA;Quinupristin;Virginiamycin_S
data/genomes/ERV28.fna	NZ_MU020924.1	225	2831	+	VanHAX_2	1-2607/2607	===============	0/0	100.00	99.92	resfinder	M97297	VanHAX	Teicoplanin;Vancomycin
data/genomes/ERV280.fna	NZ_MJFU01000026.1	5136	6614	+	msr(C)_1	1-1479/1479	===============	0/0	100.00	98.99	resfinder	AY004350	msr(C)	Erythromycin;Pristinamycin_IA;Quinupristin;Telithromycin;Virginiamycin_S
data/genomes/ERV280.fna	NZ_MJFU01000197.1	933	1727	-	aph(3')-III_1	1-795/795	===============	0/0	100.00	100.00	resfinder	M26832	aph(3')-III	Amikacin;Butirosin;Isepamicin;Kanamycin;Lividomycin;Neomycin;Paromomycin;Ribostamycin
data/genomes/ERV280.fna	NZ_MJFU01000197.1	2359	3271	-	ant(6)-Ia_1	1-909/909	========/======	1/4	100.00	99.56	resfinder	AF330699	ant(6)-Ia	Streptomycin
data/genomes/ERV280.fna	NZ_MJFU01000197.1	6530	7292	-	erm(B)_18	1-762/762	========/======	1/1	100.00	99.34	resfinder	X66468	erm(B)	Clindamycin;Erythromycin;Lincomycin;Pristinamycin_IA;Quinupristin;Virginiamycin_S
data/genomes/ERV280.fna	NZ_MJFU01000221.1	128	2734	-	VanHAX_2	1-2607/2607	===============	0/0	100.00	99.92	resfinder	M97297	VanHAX	Teicoplanin;Vancomycin
data/genomes/ERV280.fna	NZ_MJFU01000408.1	174	722	+	aac(6')-Ii_1	1-549/549	===============	0/0	100.00	99.64	resfinder	L12710	aac(6')-Ii	Dibekacin;Gentamicin;Netilmicin;Sisomicin;Tobramycin
data/genomes/ERV280.fna	NZ_MJFU01000470.1	12815	14734	+	tet(M)_12	1-1920/1920	===============	0/0	100.00	97.81	resfinder	FR671418	tet(M)	Doxycycline;Minocycline;Tetracycline
data/genomes/ERV281.fna	NZ_MJFV01000093.1	224	2830	+	VanHAX_2	1-2607/2607	===============	0/0	100.00	99.92	resfinder	M97297	VanHAX	Teicoplanin;Vancomycin
data/genomes/ERV281.fna	NZ_MJFV01000143.1	98	1537	-	aac(6')-aph(2'')_1	1-1440/1440	===============	0/0	100.00	100.00	resfinder	M13771	aac(6')-aph(2'')	Amikacin;Dibekacin;Fortimicin;Gentamicin;Isepamicin;Kanamycin;Netilmicin;Streptomycin;Tobramycin
data/genomes/ERV281.fna	NZ_MJFV01000152.1	581	2521	+	tet(S)_3	1-1941/1941	===============	0/0	100.00	99.90	resfinder	X92946	tet(S)	Doxycycline;Minocycline;Tetracycline
data/genomes/ERV281.fna	NZ_MJFV01000338.1	15926	17404	-	msr(C)_1	1-1479/1479	===============	0/0	100.00	98.99	resfinder	AY004350	msr(C)	Erythromycin;Pristinamycin_IA;Quinupristin;Telithromycin;Virginiamycin_S
data/genomes/ERV281.fna	NZ_MJFV01000339.1	812	1606	-	aph(3')-III_1	1-795/795	===============	0/0	100.00	99.87	resfinder	M26832	aph(3')-III	Amikacin;Butirosin;Isepamicin;Kanamycin;Lividomycin;Neomycin;Paromomycin;Ribostamycin
data/genomes/ERV281.fna	NZ_MJFV01000339.1	2154	3062	-	ant(6)-Ia_1	1-909/909	===============	0/0	100.00	100.00	resfinder	AF330699	ant(6)-Ia	Streptomycin
data/genomes/ERV281.fna	NZ_MJFV01000339.1	6321	7083	-	erm(B)_18	1-762/762	========/======	1/1	100.00	99.34	resfinder	X66468	erm(B)	Clindamycin;Erythromycin;Lincomycin;Pristinamycin_IA;Quinupristin;Virginiamycin_S
data/genomes/ERV281.fna	NZ_MJFV01000352.1	13173	13721	+	aac(6')-Ii_1	1-549/549	===============	0/0	100.00	99.64	resfinder	L12710	aac(6')-Ii	Dibekacin;Gentamicin;Netilmicin;Sisomicin;Tobramycin
data/genomes/ERV30.fna	NZ_MU019008.1	26724	28202	+	msr(C)_1	1-1479/1479	===============	0/0	100.00	98.99	resfinder	AY004350	msr(C)	Erythromycin;Pristinamycin_IA;Quinupristin;Telithromycin;Virginiamycin_S
data/genomes/ERV30.fna	NZ_MU019260.1	1	750	+	erm(B)_18	13-762/762	===============	0/0	98.43	99.33	resfinder	X66468	erm(B)	Clindamycin;Erythromycin;Lincomycin;Pristinamycin_IA;Quinupristin;Virginiamycin_S
data/genomes/ERV30.fna	NZ_MU019282.1	39	1958	-	tet(M)_5	1-1920/1920	===============	0/0	100.00	99.17	resfinder	U58985	tet(M)	Doxycycline;Minocycline;Tetracycline
data/genomes/ERV30.fna	NZ_MU019411.1	398	3004	+	VanHAX_2	1-2607/2607	===============	0/0	100.00	99.92	resfinder	M97297	VanHAX	Teicoplanin;Vancomycin
data/genomes/ERV30.fna	NZ_MU019511.1	811	1605	-	aph(3')-III_1	1-795/795	===============	0/0	100.00	100.00	resfinder	M26832	aph(3')-III	Amikacin;Butirosin;Isepamicin;Kanamycin;Lividomycin;Neomycin;Paromomycin;Ribostamycin
data/genomes/ERV30.fna	NZ_MU019511.1	2237	3043	-	ant(6)-Ia_1	103-909/909	.==============	0/0	88.78	100.00	resfinder	AF330699	ant(6)-Ia	Streptomycin
data/genomes/ERV30.fna	NZ_MU019518.1	100	648	+	aac(6')-Ii_1	1-549/549	===============	0/0	100.00	99.64	resfinder	L12710	aac(6')-Ii	Dibekacin;Gentamicin;Netilmicin;Sisomicin;Tobramycin
data/genomes/ERV34.fna	NZ_MJFW01000129.1	224	2830	+	VanHAX_2	1-2607/2607	===============	0/0	100.00	99.92	resfinder	M97297	VanHAX	Teicoplanin;Vancomycin
data/genomes/ERV34.fna	NZ_MJFW01000146.1	6042	7520	-	msr(C)_1	1-1479/1479	===============	0/0	100.00	98.99	resfinder	AY004350	msr(C)	Erythromycin;Pristinamycin_IA;Quinupristin;Telithromycin;Virginiamycin_S
data/genomes/ERV34.fna	NZ_MJFW01000172.1	18	780	-	erm(B)_18	1-762/762	========/======	1/1	100.00	99.48	resfinder	X66468	erm(B)	Clindamycin;Erythromycin;Lincomycin;Pristinamycin_IA;Quinupristin;Virginiamycin_S
data/genomes/ERV34.fna	NZ_MJFW01000207.1	184	732	+	aac(6')-Ii_1	1-549/549	===============	0/0	100.00	99.64	resfinder	L12710	aac(6')-Ii	Dibekacin;Gentamicin;Netilmicin;Sisomicin;Tobramycin
data/genomes/ERV34.fna	NZ_MJFW01000313.1	52	1971	+	tet(M)_5	1-1920/1920	===============	0/0	100.00	99.17	resfinder	U58985	tet(M)	Doxycycline;Minocycline;Tetracycline
data/genomes/ERV34.fna	NZ_MJFW01000330.1	823	1731	+	ant(6)-Ia_1	1-909/909	===============	0/0	100.00	100.00	resfinder	AF330699	ant(6)-Ia	Streptomycin
data/genomes/ERV34.fna	NZ_MJFW01000330.1	2363	3157	+	aph(3')-III_1	1-795/795	===============	0/0	100.00	100.00	resfinder	M26832	aph(3')-III	Amikacin;Butirosin;Isepamicin;Kanamycin;Lividomycin;Neomycin;Paromomycin;Ribostamycin
data/genomes/ERV34.fna	NZ_MJFW01000331.1	2706	3509	-	lnu(B)_2	1-804/804	===============	0/0	100.00	100.00	resfinder	JQ861959	lnu(B)	Clindamycin;Lincomycin
data/genomes/ERV34.fna	NZ_MJFW01000331.1	3563	5047	-	lsa(E)_1	1-1485/1485	===============	0/0	100.00	100.00	resfinder	JX560992	lsa(E)	Clindamycin;Dalfopristin;Lincomycin;Pristinamycin_IIA;Tiamulin;Virginiamycin_M
data/genomes/ERV34.fna	NZ_MJFW01000331.1	8609	9514	-	aph(2'')-Id_1	1-906/906	===============	0/0	100.00	100.00	resfinder	AF016483	aph(2'')-Id	Amikacin;Gentamicin;Spectinomycin;Tobramycin
data/genomes/ERV35.fna	NZ_MJFX01000089.1	225	2831	+	VanHAX_2	1-2607/2607	===============	0/0	100.00	99.92	resfinder	M97297	VanHAX	Teicoplanin;Vancomycin
data/genomes/ERV35.fna	NZ_MJFX01000312.1	189	737	+	aac(6')-Ii_1	1-549/549	===============	0/0	100.00	99.64	resfinder	L12710	aac(6')-Ii	Dibekacin;Gentamicin;Netilmicin;Sisomicin;Tobramycin
data/genomes/ERV35.fna	NZ_MJFX01000351.1	1	1782	+	tet(M)_5	139-1920/1920	.==============	0/0	92.81	99.16	resfinder	U58985	tet(M)	Doxycycline;Minocycline;Tetracycline
data/genomes/ERV35.fna	NZ_MJFX01000423.1	811	1605	-	aph(3')-III_1	1-795/795	===============	0/0	100.00	100.00	resfinder	M26832	aph(3')-III	Amikacin;Butirosin;Isepamicin;Kanamycin;Lividomycin;Neomycin;Paromomycin;Ribostamycin
data/genomes/ERV35.fna	NZ_MJFX01000423.1	2237	3145	-	ant(6)-Ia_1	1-909/909	===============	0/0	100.00	100.00	resfinder	AF330699	ant(6)-Ia	Streptomycin
data/genomes/ERV35.fna	NZ_MJFX01000710.1	55010	55772	+	erm(B)_18	1-762/762	========/======	1/1	100.00	99.34	resfinder	X66468	erm(B)	Clindamycin;Erythromycin;Lincomycin;Pristinamycin_IA;Quinupristin;Virginiamycin_S
data/genomes/ERV35.fna	NZ_MJFX01000727.1	19892	21370	-	msr(C)_1	1-1479/1479	===============	0/0	100.00	98.99	resfinder	AY004350	msr(C)	Erythromycin;Pristinamycin_IA;Quinupristin;Telithromycin;Virginiamycin_S
data/genomes/ERV38.fna	NZ_JH811350.1	236	2842	+	VanHAX_2	1-2607/2607	===============	0/0	100.00	99.92	resfinder	M97297	VanHAX	Teicoplanin;Vancomycin
data/genomes/ERV38.fna	NZ_JH811437.1	8373	9122	-	erm(B)_18	13-762/762	===============	0/0	98.43	99.33	resfinder	X66468	erm(B)	Clindamycin;Erythromycin;Lincomycin;Pristinamycin_IA;Quinupristin;Virginiamycin_S
data/genomes/ERV38.fna	NZ_JH811453.1	38895	40373	+	msr(C)_1	1-1479/1479	===============	0/0	100.00	98.99	resfinder	AY004350	msr(C)	Erythromycin;Pristinamycin_IA;Quinupristin;Telithromycin;Virginiamycin_S
data/genomes/ERV38.fna	NZ_JH811471.1	65231	65779	-	aac(6')-Ii_1	1-549/549	===============	0/0	100.00	99.64	resfinder	L12710	aac(6')-Ii	Dibekacin;Gentamicin;Netilmicin;Sisomicin;Tobramycin
data/genomes/ERV69.fna	NZ_JH810826.1	43552	44100	+	aac(6')-Ii_1	1-549/549	===============	0/0	100.00	99.64	resfinder	L12710	aac(6')-Ii	Dibekacin;Gentamicin;Netilmicin;Sisomicin;Tobramycin
data/genomes/ERV69.fna	NZ_JH810842.1	67	1506	-	aac(6')-aph(2'')_1	1-1440/1440	===============	0/0	100.00	100.00	resfinder	M13771	aac(6')-aph(2'')	Amikacin;Dibekacin;Fortimicin;Gentamicin;Isepamicin;Kanamycin;Netilmicin;Streptomycin;Tobramycin
data/genomes/ERV69.fna	NZ_JH810881.1	8373	9122	-	erm(B)_18	13-762/762	===============	0/0	98.43	99.33	resfinder	X66468	erm(B)	Clindamycin;Erythromycin;Lincomycin;Pristinamycin_IA;Quinupristin;Virginiamycin_S
data/genomes/ERV69.fna	NZ_JH810886.1	79853	81331	-	msr(C)_1	1-1479/1479	===============	0/0	100.00	98.99	resfinder	AY004350	msr(C)	Erythromycin;Pristinamycin_IA;Quinupristin;Telithromycin;Virginiamycin_S
data/genomes/ERV89.fna	NZ_MU019825.1	34266	35744	-	msr(C)_1	1-1479/1479	===============	0/0	100.00	98.92	resfinder	AY004350	msr(C)	Erythromycin;Pristinamycin_IA;Quinupristin;Telithromycin;Virginiamycin_S
data/genomes/ERV89.fna	NZ_MU019962.1	470	1264	+	aph(3')-III_1	1-795/795	===============	0/0	100.00	100.00	resfinder	M26832	aph(3')-III	Amikacin;Butirosin;Isepamicin;Kanamycin;Lividomycin;Neomycin;Paromomycin;Ribostamycin
data/genomes/ERV89.fna	NZ_MU019962.1	1989	2751	+	erm(B)_18	1-762/762	========/======	1/1	100.00	99.08	resfinder	X66468	erm(B)	Clindamycin;Erythromycin;Lincomycin;Pristinamycin_IA;Quinupristin;Virginiamycin_S
data/genomes/ERV89.fna	NZ_MU020029.1	49	852	+	lnu(B)_2	1-804/804	===============	0/0	100.00	100.00	resfinder	JQ861959	lnu(B)	Clindamycin;Lincomycin
data/genomes/ERV89.fna	NZ_MU020029.1	4360	5268	+	ant(6)-Ia_1	1-909/909	===============	0/0	100.00	100.00	resfinder	AF330699	ant(6)-Ia	Streptomycin
data/genomes/ERV89.fna	NZ_MU020110.1	2772	5378	-	VanHAX_2	1-2607/2607	===============	0/0	100.00	99.92	resfinder	M97297	VanHAX	Teicoplanin;Vancomycin
data/genomes/ERV89.fna	NZ_MU020229.1	55	603	-	aac(6')-Ii_1	1-549/549	===============	0/0	100.00	99.64	resfinder	L12710	aac(6')-Ii	Dibekacin;Gentamicin;Netilmicin;Sisomicin;Tobramycin
data/genomes/ERV98.fna	NZ_MJFY01000157.1	80002	81480	-	msr(C)_1	1-1479/1479	===============	0/0	100.00	98.92	resfinder	AY004350	msr(C)	Erythromycin;Pristinamycin_IA;Quinupristin;Telithromycin;Virginiamycin_S
data/genomes/ERV98.fna	NZ_MJFY01000300.1	115	663	+	aac(6')-Ii_1	1-549/549	===============	0/0	100.00	99.64	resfinder	L12710	aac(6')-Ii	Dibekacin;Gentamicin;Netilmicin;Sisomicin;Tobramycin
data/genomes/ERV98.fna	NZ_MJFY01000351.1	1	786	-	aph(3')-III_1	1-786/795	===============	0/0	98.87	100.00	resfinder	M26832	aph(3')-III	Amikacin;Butirosin;Isepamicin;Kanamycin;Lividomycin;Neomycin;Paromomycin;Ribostamycin
data/genomes/ERV98.fna	NZ_MJFY01000373.1	124	886	+	erm(B)_18	1-762/762	========/======	1/1	100.00	99.08	resfinder	X66468	erm(B)	Clindamycin;Erythromycin;Lincomycin;Pristinamycin_IA;Quinupristin;Virginiamycin_S
data/genomes/ERV98.fna	NZ_MJFY01000500.1	50	853	+	lnu(B)_2	1-804/804	===============	0/0	100.00	100.00	resfinder	JQ861959	lnu(B)	Clindamycin;Lincomycin
data/genomes/ERV98.fna	NZ_MJFY01000500.1	4361	5269	+	ant(6)-Ia_1	1-909/909	===============	0/0	100.00	100.00	resfinder	AF330699	ant(6)-Ia	Streptomycin
data/genomes/ERV99.fna	NZ_JH810295.1	4547	5309	-	erm(B)_18	1-762/762	========/======	1/1	100.00	99.61	resfinder	X66468	erm(B)	Clindamycin;Erythromycin;Lincomycin;Pristinamycin_IA;Quinupristin;Virginiamycin_S
data/genomes/ERV99.fna	NZ_JH810295.1	6035	6829	-	aph(3')-III_1	1-795/795	===============	0/0	100.00	100.00	resfinder	M26832	aph(3')-III	Amikacin;Butirosin;Isepamicin;Kanamycin;Lividomycin;Neomycin;Paromomycin;Ribostamycin
data/genomes/ERV99.fna	NZ_JH810295.1	7461	8369	-	ant(6)-Ia_1	1-909/909	===============	0/0	100.00	100.00	resfinder	AF330699	ant(6)-Ia	Streptomycin
data/genomes/ERV99.fna	NZ_JH810309.1	2714	3211	-	dfrG_1	1-498/498	===============	0/0	100.00	100.00	resfinder	AB205645	dfrG	Trimethoprim
data/genomes/ERV99.fna	NZ_JH810356.1	65184	65732	-	aac(6')-Ii_1	1-549/549	===============	0/0	100.00	99.64	resfinder	L12710	aac(6')-Ii	Dibekacin;Gentamicin;Netilmicin;Sisomicin;Tobramycin
data/genomes/ERV99.fna	NZ_JH810358.1	234	2840	+	VanHAX_2	1-2607/2607	===============	0/0	100.00	99.92	resfinder	M97297	VanHAX	Teicoplanin;Vancomycin
data/genomes/ERV99.fna	NZ_JH810413.1	27944	29422	+	msr(C)_1	1-1479/1479	===============	0/0	100.00	98.99	resfinder	AY004350	msr(C)	Erythromycin;Pristinamycin_IA;Quinupristin;Telithromycin;Virginiamycin_S
data/genomes/ERV99.fna	NZ_JH810454.1	434	1873	+	aac(6')-aph(2'')_1	1-1440/1440	===============	0/0	100.00	100.00	resfinder	M13771	aac(6')-aph(2'')	Amikacin;Dibekacin;Fortimicin;Gentamicin;Isepamicin;Kanamycin;Netilmicin;Streptomycin;Tobramycin
