ERV1	VanHAX_2	Teicoplanin;Vancomycin
ERV1	aac(6')-Ii_1	Dibekacin;Gentamicin;Netilmicin;Sisomicin;Tobramycin
ERV1	aac(6')-aph(2'')_1	Amikacin;Dibekacin;Fortimicin;Gentamicin;Isepamicin;Kanamycin;Netilmicin;Streptomycin;Tobramycin
ERV1	ant(6)-Ia_1	Streptomycin
ERV1	aph(3')-III_1	Amikacin;Butirosin;Isepamicin;Kanamycin;Lividomycin;Neomycin;Paromomycin;Ribostamycin
ERV1	dfrG_1	Trimethoprim
ERV1	erm(B)_18	Clindamycin;Erythromycin;Lincomycin;Pristinamycin_IA;Quinupristin;Virginiamycin_S
ERV1	msr(C)_1	Erythromycin;Pristinamycin_IA;Quinupristin;Telithromycin;Virginiamycin_S
ERV102	VanHAX_2	Teicoplanin;Vancomycin
ERV102	aac(6')-Ii_1	Dibekacin;Gentamicin;Netilmicin;Sisomicin;Tobramycin
ERV102	aac(6')-aph(2'')_1	Amikacin;Dibekacin;Fortimicin;Gentamicin;Isepamicin;Kanamycin;Netilmicin;Streptomycin;Tobramycin
ERV102	ant(6)-Ia_1	Streptomycin
ERV102	aph(3')-III_1	Amikacin;Butirosin;Isepamicin;Kanamycin;Lividomycin;Neomycin;Paromomycin;Ribostamycin
ERV102	erm(B)_18	Clindamycin;Erythromycin;Lincomycin;Pristinamycin_IA;Quinupristin;Virginiamycin_S
ERV102	lnu(B)_2	Clindamycin;Lincomycin
ERV102	msr(C)_1	Erythromycin;Pristinamycin_IA;Quinupristin;Telithromycin;Virginiamycin_S
ERV107	VanHAX_2	Teicoplanin;Vancomycin
ERV107	aac(6')-Ii_1	Dibekacin;Gentamicin;Netilmicin;Sisomicin;Tobramycin
ERV107	aac(6')-aph(2'')_1	Amikacin;Dibekacin;Fortimicin;Gentamicin;Isepamicin;Kanamycin;Netilmicin;Streptomycin;Tobramycin
ERV107	ant(6)-Ia_1	Streptomycin
ERV107	aph(3')-III_1	Amikacin;Butirosin;Isepamicin;Kanamycin;Lividomycin;Neomycin;Paromomycin;Ribostamycin
ERV107	dfrG_1	Trimethoprim
ERV107	erm(B)_18	Clindamycin;Erythromycin;Lincomycin;Pristinamycin_IA;Quinupristin;Virginiamycin_S
ERV107	msr(C)_1	Erythromycin;Pristinamycin_IA;Quinupristin;Telithromycin;Virginiamycin_S
ERV108	VanHAX_2	Teicoplanin;Vancomycin
ERV108	aac(6')-Ii_1	Dibekacin;Gentamicin;Netilmicin;Sisomicin;Tobramycin
ERV108	aac(6')-aph(2'')_1	Amikacin;Dibekacin;Fortimicin;Gentamicin;Isepamicin;Kanamycin;Netilmicin;Streptomycin;Tobramycin
ERV108	ant(6)-Ia_1	Streptomycin
ERV108	aph(3')-III_1	Amikacin;Butirosin;Isepamicin;Kanamycin;Lividomycin;Neomycin;Paromomycin;Ribostamycin
ERV108	erm(B)_18	Clindamycin;Erythromycin;Lincomycin;Pristinamycin_IA;Quinupristin;Virginiamycin_S
ERV108	msr(C)_1	Erythromycin;Pristinamycin_IA;Quinupristin;Telithromycin;Virginiamycin_S
ERV109	VanHAX_2	Teicoplanin;Vancomycin
ERV109	aac(6')-Ii_1	Dibekacin;Gentamicin;Netilmicin;Sisomicin;Tobramycin
ERV109	aac(6')-aph(2'')_1	Amikacin;Dibekacin;Fortimicin;Gentamicin;Isepamicin;Kanamycin;Netilmicin;Streptomycin;Tobramycin
ERV109	dfrG_1	Trimethoprim
ERV109	erm(T)_2	Clindamycin;Erythromycin;Lincomycin;Pristinamycin_IA;Quinupristin;Virginiamycin_S
ERV109	msr(C)_1	Erythromycin;Pristinamycin_IA;Quinupristin;Telithromycin;Virginiamycin_S
ERV109	tet(L)_2	Doxycycline;Minocycline;Tetracycline;Tigecycline
ERV113	VanHAX_2	Teicoplanin;Vancomycin
ERV113	aac(6')-Ii_1	Dibekacin;Gentamicin;Netilmicin;Sisomicin;Tobramycin
ERV113	ant(6)-Ia_1	Streptomycin
ERV113	aph(3')-III_1	Amikacin;Butirosin;Isepamicin;Kanamycin;Lividomycin;Neomycin;Paromomycin;Ribostamycin
ERV113	dfrG_1	Trimethoprim
ERV113	erm(B)_18	Clindamycin;Erythromycin;Lincomycin;Pristinamycin_IA;Quinupristin;Virginiamycin_S
ERV113	msr(C)_1	Erythromycin;Pristinamycin_IA;Quinupristin;Telithromycin;Virginiamycin_S
ERV113	tet(L)_2	Doxycycline;Minocycline;Tetracycline;Tigecycline
ERV114	VanHAX_2	Teicoplanin;Vancomycin
ERV114	aac(6')-Ii_1	Dibekacin;Gentamicin;Netilmicin;Sisomicin;Tobramycin
ERV114	aac(6')-aph(2'')_1	Amikacin;Dibekacin;Fortimicin;Gentamicin;Isepamicin;Kanamycin;Netilmicin;Streptomycin;Tobramycin
ERV114	ant(6)-Ia_1	Streptomycin
ERV114	aph(3')-III_1	Amikacin;Butirosin;Isepamicin;Kanamycin;Lividomycin;Neomycin;Paromomycin;Ribostamycin
ERV114	erm(B)_18	Clindamycin;Erythromycin;Lincomycin;Pristinamycin_IA;Quinupristin;Virginiamycin_S
ERV114	lnu(B)_2	Clindamycin;Lincomycin
ERV114	msr(C)_1	Erythromycin;Pristinamycin_IA;Quinupristin;Telithromycin;Virginiamycin_S
ERV115	VanHAX_2	Teicoplanin;Vancomycin
ERV115	aac(6')-Ii_1	Dibekacin;Gentamicin;Netilmicin;Sisomicin;Tobramycin
ERV115	ant(6)-Ia_1	Streptomycin
ERV115	aph(3')-III_1	Amikacin;Butirosin;Isepamicin;Kanamycin;Lividomycin;Neomycin;Paromomycin;Ribostamycin
ERV115	erm(B)_18	Clindamycin;Erythromycin;Lincomycin;Pristinamycin_IA;Quinupristin;Virginiamycin_S
ERV115	msr(C)_1	Erythromycin;Pristinamycin_IA;Quinupristin;Telithromycin;Virginiamycin_S
ERV118	VanHAX_2	Teicoplanin;Vancomycin
ERV118	aac(6')-Ii_1	Dibekacin;Gentamicin;Netilmicin;Sisomicin;Tobramycin
ERV118	ant(6)-Ia_1	Streptomycin
ERV118	aph(3')-III_1	Amikacin;Butirosin;Isepamicin;Kanamycin;Lividomycin;Neomycin;Paromomycin;Ribostamycin
ERV118	erm(B)_18	Clindamycin;Erythromycin;Lincomycin;Pristinamycin_IA;Quinupristin;Virginiamycin_S
ERV118	msr(C)_1	Erythromycin;Pristinamycin_IA;Quinupristin;Telithromycin;Virginiamycin_S
ERV121	aac(6')-Ii_1	Dibekacin;Gentamicin;Netilmicin;Sisomicin;Tobramycin
ERV121	aac(6')-aph(2'')_1	Amikacin;Dibekacin;Fortimicin;Gentamicin;Isepamicin;Kanamycin;Netilmicin;Streptomycin;Tobramycin
ERV121	ant(6)-Ia_1	Streptomycin
ERV121	aph(3')-III_1	Amikacin;Butirosin;Isepamicin;Kanamycin;Lividomycin;Neomycin;Paromomycin;Ribostamycin
ERV121	cat_5	Chloramphenicol
ERV121	erm(B)_18	Clindamycin;Erythromycin;Lincomycin;Pristinamycin_IA;Quinupristin;Virginiamycin_S
ERV121	msr(C)_1	Erythromycin;Pristinamycin_IA;Quinupristin;Telithromycin;Virginiamycin_S
ERV121	tet(L)_2	Doxycycline;Minocycline;Tetracycline;Tigecycline
ERV122	VanHAX_2	Teicoplanin;Vancomycin
ERV122	aac(6')-Ii_1	Dibekacin;Gentamicin;Netilmicin;Sisomicin;Tobramycin
ERV122	ant(6)-Ia_1	Streptomycin
ERV122	aph(3')-III_1	Amikacin;Butirosin;Isepamicin;Kanamycin;Lividomycin;Neomycin;Paromomycin;Ribostamycin
ERV122	dfrG_1	Trimethoprim
ERV122	erm(B)_18	Clindamycin;Erythromycin;Lincomycin;Pristinamycin_IA;Quinupristin;Virginiamycin_S
ERV122	erm(T)_2	Clindamycin;Erythromycin;Lincomycin;Pristinamycin_IA;Quinupristin;Virginiamycin_S
ERV122	msr(C)_1	Erythromycin;Pristinamycin_IA;Quinupristin;Telithromycin;Virginiamycin_S
ERV122	tet(L)_2	Doxycycline;Minocycline;Tetracycline;Tigecycline
ERV123	VanHAX_2	Teicoplanin;Vancomycin
ERV123	aac(6')-Ii_1	Dibekacin;Gentamicin;Netilmicin;Sisomicin;Tobramycin
ERV123	aac(6')-aph(2'')_1	Amikacin;Dibekacin;Fortimicin;Gentamicin;Isepamicin;Kanamycin;Netilmicin;Streptomycin;Tobramycin
ERV123	ant(6)-Ia_1	Streptomycin
ERV123	aph(3')-III_1	Amikacin;Butirosin;Isepamicin;Kanamycin;Lividomycin;Neomycin;Paromomycin;Ribostamycin
ERV123	cat_5	Chloramphenicol
ERV123	erm(B)_18	Clindamycin;Erythromycin;Lincomycin;Pristinamycin_IA;Quinupristin;Virginiamycin_S
ERV123	msr(C)_1	Erythromycin;Pristinamycin_IA;Quinupristin;Telithromycin;Virginiamycin_S
ERV123	tet(L)_2	Doxycycline;Minocycline;Tetracycline;Tigecycline
ERV124	VanHAX_2	Teicoplanin;Vancomycin
ERV124	aac(6')-Ii_1	Dibekacin;Gentamicin;Netilmicin;Sisomicin;Tobramycin
ERV124	aac(6')-aph(2'')_1	Amikacin;Dibekacin;Fortimicin;Gentamicin;Isepamicin;Kanamycin;Netilmicin;Streptomycin;Tobramycin
ERV124	ant(6)-Ia_1	Streptomycin
ERV124	aph(3')-III_1	Amikacin;Butirosin;Isepamicin;Kanamycin;Lividomycin;Neomycin;Paromomycin;Ribostamycin
ERV124	erm(B)_18	Clindamycin;Erythromycin;Lincomycin;Pristinamycin_IA;Quinupristin;Virginiamycin_S
ERV124	msr(C)_1	Erythromycin;Pristinamycin_IA;Quinupristin;Telithromycin;Virginiamycin_S
ERV125	VanHAX_2	Teicoplanin;Vancomycin
ERV125	aac(6')-Ii_1	Dibekacin;Gentamicin;Netilmicin;Sisomicin;Tobramycin
ERV125	aac(6')-aph(2'')_1	Amikacin;Dibekacin;Fortimicin;Gentamicin;Isepamicin;Kanamycin;Netilmicin;Streptomycin;Tobramycin
ERV125	ant(6)-Ia_1	Streptomycin
ERV125	aph(3')-III_1	Amikacin;Butirosin;Isepamicin;Kanamycin;Lividomycin;Neomycin;Paromomycin;Ribostamycin
ERV125	cat_5	Chloramphenicol
ERV125	dfrG_1	Trimethoprim
ERV125	erm(B)_18	Clindamycin;Erythromycin;Lincomycin;Pristinamycin_IA;Quinupristin;Virginiamycin_S
ERV125	msr(C)_1	Erythromycin;Pristinamycin_IA;Quinupristin;Telithromycin;Virginiamycin_S
ERV125	tet(L)_2	Doxycycline;Minocycline;Tetracycline;Tigecycline
ERV127	VanHAX_2	Teicoplanin;Vancomycin
ERV127	aac(6')-Ii_1	Dibekacin;Gentamicin;Netilmicin;Sisomicin;Tobramycin
ERV127	ant(6)-Ia_1	Streptomycin
ERV127	aph(3')-III_1	Amikacin;Butirosin;Isepamicin;Kanamycin;Lividomycin;Neomycin;Paromomycin;Ribostamycin
ERV127	dfrG_1	Trimethoprim
ERV127	erm(B)_18	Clindamycin;Erythromycin;Lincomycin;Pristinamycin_IA;Quinupristin;Virginiamycin_S
ERV127	msr(C)_1	Erythromycin;Pristinamycin_IA;Quinupristin;Telithromycin;Virginiamycin_S
ERV133	VanHAX_2	Teicoplanin;Vancomycin
ERV133	aac(6')-Ii_1	Dibekacin;Gentamicin;Netilmicin;Sisomicin;Tobramycin
ERV133	ant(6)-Ia_1	Streptomycin
ERV133	aph(3')-III_1	Amikacin;Butirosin;Isepamicin;Kanamycin;Lividomycin;Neomycin;Paromomycin;Ribostamycin
ERV133	erm(B)_18	Clindamycin;Erythromycin;Lincomycin;Pristinamycin_IA;Quinupristin;Virginiamycin_S
ERV133	msr(C)_1	Erythromycin;Pristinamycin_IA;Quinupristin;Telithromycin;Virginiamycin_S
ERV138	VanHAX_2	Teicoplanin;Vancomycin
ERV138	aac(6')-Ii_1	Dibekacin;Gentamicin;Netilmicin;Sisomicin;Tobramycin
ERV138	aac(6')-aph(2'')_1	Amikacin;Dibekacin;Fortimicin;Gentamicin;Isepamicin;Kanamycin;Netilmicin;Streptomycin;Tobramycin
ERV138	ant(9)-Ia_1	Spectinomycin
ERV138	dfrG_1	Trimethoprim
ERV138	erm(A)_3	Clindamycin;Erythromycin;Lincomycin;Pristinamycin_IA;Quinupristin;Virginiamycin_S
ERV138	erm(T)_2	Clindamycin;Erythromycin;Lincomycin;Pristinamycin_IA;Quinupristin;Virginiamycin_S
ERV138	fexA_1	Chloramphenicol;Florfenicol
ERV138	msr(C)_1	Erythromycin;Pristinamycin_IA;Quinupristin;Telithromycin;Virginiamycin_S
ERV138	optrA_16	Chloramphenicol;Florfenicol;Linezolid
ERV138	tet(L)_2	Doxycycline;Minocycline;Tetracycline;Tigecycline
ERV144	VanHAX_2	Teicoplanin;Vancomycin
ERV144	aac(6')-Ii_1	Dibekacin;Gentamicin;Netilmicin;Sisomicin;Tobramycin
ERV144	aac(6')-aph(2'')_1	Amikacin;Dibekacin;Fortimicin;Gentamicin;Isepamicin;Kanamycin;Netilmicin;Streptomycin;Tobramycin
ERV144	ant(6)-Ia_1	Streptomycin
ERV144	aph(3')-III_1	Amikacin;Butirosin;Isepamicin;Kanamycin;Lividomycin;Neomycin;Paromomycin;Ribostamycin
ERV144	dfrG_1	Trimethoprim
ERV144	erm(B)_18	Clindamycin;Erythromycin;Lincomycin;Pristinamycin_IA;Quinupristin;Virginiamycin_S
ERV144	msr(C)_1	Erythromycin;Pristinamycin_IA;Quinupristin;Telithromycin;Virginiamycin_S
ERV155	VanHAX_2	Teicoplanin;Vancomycin
ERV155	aac(6')-Ii_1	Dibekacin;Gentamicin;Netilmicin;Sisomicin;Tobramycin
ERV155	ant(6)-Ia_1	Streptomycin
ERV155	aph(3')-III_1	Amikacin;Butirosin;Isepamicin;Kanamycin;Lividomycin;Neomycin;Paromomycin;Ribostamycin
ERV155	erm(B)_18	Clindamycin;Erythromycin;Lincomycin;Pristinamycin_IA;Quinupristin;Virginiamycin_S
ERV155	msr(C)_1	Erythromycin;Pristinamycin_IA;Quinupristin;Telithromycin;Virginiamycin_S
ERV157	VanHAX_2	Teicoplanin;Vancomycin
ERV157	aac(6')-Ii_1	Dibekacin;Gentamicin;Netilmicin;Sisomicin;Tobramycin
ERV157	ant(6)-Ia_1	Streptomycin
ERV157	aph(3')-III_1	Amikacin;Butirosin;Isepamicin;Kanamycin;Lividomycin;Neomycin;Paromomycin;Ribostamycin
ERV157	erm(B)_18	Clindamycin;Erythromycin;Lincomycin;Pristinamycin_IA;Quinupristin;Virginiamycin_S
ERV157	msr(C)_1	Erythromycin;Pristinamycin_IA;Quinupristin;Telithromycin;Virginiamycin_S
ERV161	VanHAX_2	Teicoplanin;Vancomycin
ERV161	aac(6')-Ii_1	Dibekacin;Gentamicin;Netilmicin;Sisomicin;Tobramycin
ERV161	aac(6')-aph(2'')_1	Amikacin;Dibekacin;Fortimicin;Gentamicin;Isepamicin;Kanamycin;Netilmicin;Streptomycin;Tobramycin
ERV161	aph(3')-III_1	Amikacin;Butirosin;Isepamicin;Kanamycin;Lividomycin;Neomycin;Paromomycin;Ribostamycin
ERV161	erm(B)_18	Clindamycin;Erythromycin;Lincomycin;Pristinamycin_IA;Quinupristin;Virginiamycin_S
ERV161	msr(C)_1	Erythromycin;Pristinamycin_IA;Quinupristin;Telithromycin;Virginiamycin_S
ERV165	VanHAX_2	Teicoplanin;Vancomycin
ERV165	aac(6')-Ii_1	Dibekacin;Gentamicin;Netilmicin;Sisomicin;Tobramycin
ERV165	ant(6)-Ia_1	Streptomycin
ERV165	aph(3')-III_1	Amikacin;Butirosin;Isepamicin;Kanamycin;Lividomycin;Neomycin;Paromomycin;Ribostamycin
ERV165	erm(B)_18	Clindamycin;Erythromycin;Lincomycin;Pristinamycin_IA;Quinupristin;Virginiamycin_S
ERV165	msr(C)_1	Erythromycin;Pristinamycin_IA;Quinupristin;Telithromycin;Virginiamycin_S
ERV168	VanHAX_2	Teicoplanin;Vancomycin
ERV168	aac(6')-Ii_1	Dibekacin;Gentamicin;Netilmicin;Sisomicin;Tobramycin
ERV168	aac(6')-aph(2'')_1	Amikacin;Dibekacin;Fortimicin;Gentamicin;Isepamicin;Kanamycin;Netilmicin;Streptomycin;Tobramycin
ERV168	ant(6)-Ia_1	Streptomycin
ERV168	aph(3')-III_1	Amikacin;Butirosin;Isepamicin;Kanamycin;Lividomycin;Neomycin;Paromomycin;Ribostamycin
ERV168	erm(B)_18	Clindamycin;Erythromycin;Lincomycin;Pristinamycin_IA;Quinupristin;Virginiamycin_S
ERV168	msr(C)_1	Erythromycin;Pristinamycin_IA;Quinupristin;Telithromycin;Virginiamycin_S
ERV168	tet(M)_2	Doxycycline;Minocycline;Tetracycline
ERV172	VanHAX_2	Teicoplanin;Vancomycin
ERV172	aac(6')-Ii_1	Dibekacin;Gentamicin;Netilmicin;Sisomicin;Tobramycin
ERV172	ant(6)-Ia_1	Streptomycin
ERV172	aph(3')-III_1	Amikacin;Butirosin;Isepamicin;Kanamycin;Lividomycin;Neomycin;Paromomycin;Ribostamycin
ERV172	erm(B)_18	Clindamycin;Erythromycin;Lincomycin;Pristinamycin_IA;Quinupristin;Virginiamycin_S
ERV172	msr(C)_1	Erythromycin;Pristinamycin_IA;Quinupristin;Telithromycin;Virginiamycin_S
ERV172	tet(M)_2	Doxycycline;Minocycline;Tetracycline
ERV174	VanHAX_2	Teicoplanin;Vancomycin
ERV174	aac(6')-Ii_1	Dibekacin;Gentamicin;Netilmicin;Sisomicin;Tobramycin
ERV174	ant(6)-Ia_1	Streptomycin
ERV174	aph(3')-III_1	Amikacin;Butirosin;Isepamicin;Kanamycin;Lividomycin;Neomycin;Paromomycin;Ribostamycin
ERV174	erm(B)_18	Clindamycin;Erythromycin;Lincomycin;Pristinamycin_IA;Quinupristin;Virginiamycin_S
ERV174	msr(C)_1	Erythromycin;Pristinamycin_IA;Quinupristin;Telithromycin;Virginiamycin_S
ERV174	tet(M)_2	Doxycycline;Minocycline;Tetracycline
ERV175	VanHAX_2	Teicoplanin;Vancomycin
ERV175	aac(6')-Ii_1	Dibekacin;Gentamicin;Netilmicin;Sisomicin;Tobramycin
ERV175	ant(6)-Ia_1	Streptomycin
ERV175	aph(3')-III_1	Amikacin;Butirosin;Isepamicin;Kanamycin;Lividomycin;Neomycin;Paromomycin;Ribostamycin
ERV175	erm(B)_18	Clindamycin;Erythromycin;Lincomycin;Pristinamycin_IA;Quinupristin;Virginiamycin_S
ERV175	erm(T)_2	Clindamycin;Erythromycin;Lincomycin;Pristinamycin_IA;Quinupristin;Virginiamycin_S
ERV175	msr(C)_1	Erythromycin;Pristinamycin_IA;Quinupristin;Telithromycin;Virginiamycin_S
ERV175	tet(L)_2	Doxycycline;Minocycline;Tetracycline;Tigecycline
ERV175	tet(M)_10	Doxycycline;Minocycline;Tetracycline
ERV177	VanHAX_2	Teicoplanin;Vancomycin
ERV177	aac(6')-Ii_1	Dibekacin;Gentamicin;Netilmicin;Sisomicin;Tobramycin
ERV177	aac(6')-aph(2'')_1	Amikacin;Dibekacin;Fortimicin;Gentamicin;Isepamicin;Kanamycin;Netilmicin;Streptomycin;Tobramycin
ERV177	ant(6)-Ia_1	Streptomycin
ERV177	aph(3')-III_1	Amikacin;Butirosin;Isepamicin;Kanamycin;Lividomycin;Neomycin;Paromomycin;Ribostamycin
ERV177	erm(B)_18	Clindamycin;Erythromycin;Lincomycin;Pristinamycin_IA;Quinupristin;Virginiamycin_S
ERV177	msr(C)_1	Erythromycin;Pristinamycin_IA;Quinupristin;Telithromycin;Virginiamycin_S
ERV177	tet(M)_2	Doxycycline;Minocycline;Tetracycline
ERV180	VanHAX_2	Teicoplanin;Vancomycin
ERV180	aac(6')-Ii_1	Dibekacin;Gentamicin;Netilmicin;Sisomicin;Tobramycin
ERV180	ant(6)-Ia_1	Streptomycin
ERV180	aph(3')-III_1	Amikacin;Butirosin;Isepamicin;Kanamycin;Lividomycin;Neomycin;Paromomycin;Ribostamycin
ERV180	dfrG_1	Trimethoprim
ERV180	erm(B)_18	Clindamycin;Erythromycin;Lincomycin;Pristinamycin_IA;Quinupristin;Virginiamycin_S
ERV180	msr(C)_1	Erythromycin;Pristinamycin_IA;Quinupristin;Telithromycin;Virginiamycin_S
ERV190	VanHAX_2	Teicoplanin;Vancomycin
ERV190	aac(6')-Ii_1	Dibekacin;Gentamicin;Netilmicin;Sisomicin;Tobramycin
ERV190	ant(6)-Ia_1	Streptomycin
ERV190	aph(3')-III_1	Amikacin;Butirosin;Isepamicin;Kanamycin;Lividomycin;Neomycin;Paromomycin;Ribostamycin
ERV190	erm(B)_18	Clindamycin;Erythromycin;Lincomycin;Pristinamycin_IA;Quinupristin;Virginiamycin_S
ERV190	msr(C)_1	Erythromycin;Pristinamycin_IA;Quinupristin;Telithromycin;Virginiamycin_S
ERV190	tet(L)_2	Doxycycline;Minocycline;Tetracycline;Tigecycline
ERV190	tet(M)_10	Doxycycline;Minocycline;Tetracycline
ERV196	VanHAX_2	Teicoplanin;Vancomycin
ERV196	aac(6')-Ii_1	Dibekacin;Gentamicin;Netilmicin;Sisomicin;Tobramycin
ERV196	ant(6)-Ia_1	Streptomycin
ERV196	aph(3')-III_1	Amikacin;Butirosin;Isepamicin;Kanamycin;Lividomycin;Neomycin;Paromomycin;Ribostamycin
ERV196	erm(B)_18	Clindamycin;Erythromycin;Lincomycin;Pristinamycin_IA;Quinupristin;Virginiamycin_S
ERV196	msr(C)_1	Erythromycin;Pristinamycin_IA;Quinupristin;Telithromycin;Virginiamycin_S
ERV212	VanHAX_2	Teicoplanin;Vancomycin
ERV212	aac(6')-Ii_1	Dibekacin;Gentamicin;Netilmicin;Sisomicin;Tobramycin
ERV212	ant(6)-Ia_1	Streptomycin
ERV212	aph(3')-III_1	Amikacin;Butirosin;Isepamicin;Kanamycin;Lividomycin;Neomycin;Paromomycin;Ribostamycin
ERV212	erm(B)_18	Clindamycin;Erythromycin;Lincomycin;Pristinamycin_IA;Quinupristin;Virginiamycin_S
ERV212	msr(C)_1	Erythromycin;Pristinamycin_IA;Quinupristin;Telithromycin;Virginiamycin_S
ERV214	VanHAX_2	Teicoplanin;Vancomycin
ERV214	aac(6')-Ii_1	Dibekacin;Gentamicin;Netilmicin;Sisomicin;Tobramycin
ERV214	ant(6)-Ia_1	Streptomycin
ERV214	aph(3')-III_1	Amikacin;Butirosin;Isepamicin;Kanamycin;Lividomycin;Neomycin;Paromomycin;Ribostamycin
ERV214	erm(B)_18	Clindamycin;Erythromycin;Lincomycin;Pristinamycin_IA;Quinupristin;Virginiamycin_S
ERV214	msr(C)_1	Erythromycin;Pristinamycin_IA;Quinupristin;Telithromycin;Virginiamycin_S
ERV218	VanHAX_2	Teicoplanin;Vancomycin
ERV218	aac(6')-Ii_1	Dibekacin;Gentamicin;Netilmicin;Sisomicin;Tobramycin
ERV218	aac(6')-aph(2'')_1	Amikacin;Dibekacin;Fortimicin;Gentamicin;Isepamicin;Kanamycin;Netilmicin;Streptomycin;Tobramycin
ERV218	ant(6)-Ia_1	Streptomycin
ERV218	aph(3')-III_1	Amikacin;Butirosin;Isepamicin;Kanamycin;Lividomycin;Neomycin;Paromomycin;Ribostamycin
ERV218	erm(B)_18	Clindamycin;Erythromycin;Lincomycin;Pristinamycin_IA;Quinupristin;Virginiamycin_S
ERV218	msr(C)_1	Erythromycin;Pristinamycin_IA;Quinupristin;Telithromycin;Virginiamycin_S
ERV220	VanHAX_2	Teicoplanin;Vancomycin
ERV220	aac(6')-Ii_1	Dibekacin;Gentamicin;Netilmicin;Sisomicin;Tobramycin
ERV220	ant(6)-Ia_1	Streptomycin
ERV220	aph(3')-III_1	Amikacin;Butirosin;Isepamicin;Kanamycin;Lividomycin;Neomycin;Paromomycin;Ribostamycin
ERV220	erm(B)_18	Clindamycin;Erythromycin;Lincomycin;Pristinamycin_IA;Quinupristin;Virginiamycin_S
ERV220	msr(C)_1	Erythromycin;Pristinamycin_IA;Quinupristin;Telithromycin;Virginiamycin_S
ERV220	tet(M)_2	Doxycycline;Minocycline;Tetracycline
ERV223	VanHAX_2	Teicoplanin;Vancomycin
ERV223	aac(6')-Ii_1	Dibekacin;Gentamicin;Netilmicin;Sisomicin;Tobramycin
ERV223	ant(6)-Ia_1	Streptomycin
ERV223	aph(3')-III_1	Amikacin;Butirosin;Isepamicin;Kanamycin;Lividomycin;Neomycin;Paromomycin;Ribostamycin
ERV223	erm(B)_18	Clindamycin;Erythromycin;Lincomycin;Pristinamycin_IA;Quinupristin;Virginiamycin_S
ERV223	lnu(B)_2	Clindamycin;Lincomycin
ERV223	msr(C)_1	Erythromycin;Pristinamycin_IA;Quinupristin;Telithromycin;Virginiamycin_S
ERV223	tet(M)_7	Doxycycline;Minocycline;Tetracycline
ERV231	VanHAX_2	Teicoplanin;Vancomycin
ERV231	aac(6')-Ii_1	Dibekacin;Gentamicin;Netilmicin;Sisomicin;Tobramycin
ERV231	ant(6)-Ia_1	Streptomycin
ERV231	aph(3')-III_1	Amikacin;Butirosin;Isepamicin;Kanamycin;Lividomycin;Neomycin;Paromomycin;Ribostamycin
ERV231	erm(B)_18	Clindamycin;Erythromycin;Lincomycin;Pristinamycin_IA;Quinupristin;Virginiamycin_S
ERV231	msr(C)_1	Erythromycin;Pristinamycin_IA;Quinupristin;Telithromycin;Virginiamycin_S
ERV237	VanHAX_2	Teicoplanin;Vancomycin
ERV237	aac(6')-Ii_1	Dibekacin;Gentamicin;Netilmicin;Sisomicin;Tobramycin
ERV237	ant(6)-Ia_1	Streptomycin
ERV237	aph(3')-III_1	Amikacin;Butirosin;Isepamicin;Kanamycin;Lividomycin;Neomycin;Paromomycin;Ribostamycin
ERV237	erm(B)_18	Clindamycin;Erythromycin;Lincomycin;Pristinamycin_IA;Quinupristin;Virginiamycin_S
ERV237	msr(C)_1	Erythromycin;Pristinamycin_IA;Quinupristin;Telithromycin;Virginiamycin_S
ERV242	VanHAX_2	Teicoplanin;Vancomycin
ERV242	aac(6')-Ii_1	Dibekacin;Gentamicin;Netilmicin;Sisomicin;Tobramycin
ERV242	ant(6)-Ia_1	Streptomycin
ERV242	aph(3')-III_1	Amikacin;Butirosin;Isepamicin;Kanamycin;Lividomycin;Neomycin;Paromomycin;Ribostamycin
ERV242	erm(B)_18	Clindamycin;Erythromycin;Lincomycin;Pristinamycin_IA;Quinupristin;Virginiamycin_S
ERV242	msr(C)_1	Erythromycin;Pristinamycin_IA;Quinupristin;Telithromycin;Virginiamycin_S
ERV251	VanHAX_2	Teicoplanin;Vancomycin
ERV251	aac(6')-Ii_1	Dibekacin;Gentamicin;Netilmicin;Sisomicin;Tobramycin
ERV251	ant(6)-Ia_1	Streptomycin
ERV251	aph(3')-III_1	Amikacin;Butirosin;Isepamicin;Kanamycin;Lividomycin;Neomycin;Paromomycin;Ribostamycin
ERV251	erm(B)_18	Clindamycin;Erythromycin;Lincomycin;Pristinamycin_IA;Quinupristin;Virginiamycin_S
ERV251	msr(C)_1	Erythromycin;Pristinamycin_IA;Quinupristin;Telithromycin;Virginiamycin_S
ERV251	tet(M)_5	Doxycycline;Minocycline;Tetracycline
ERV26	VanHAX_2	Teicoplanin;Vancomycin
ERV26	aac(6')-Ii_1	Dibekacin;Gentamicin;Netilmicin;Sisomicin;Tobramycin
ERV26	erm(B)_18	Clindamycin;Erythromycin;Lincomycin;Pristinamycin_IA;Quinupristin;Virginiamycin_S
ERV26	msr(C)_1	Erythromycin;Pristinamycin_IA;Quinupristin;Telithromycin;Virginiamycin_S
ERV26	tet(M)_5	Doxycycline;Minocycline;Tetracycline
ERV263	VanHAX_2	Teicoplanin;Vancomycin
ERV263	aac(6')-Ii_1	Dibekacin;Gentamicin;Netilmicin;Sisomicin;Tobramycin
ERV263	ant(6)-Ia_1	Streptomycin
ERV263	aph(3')-III_1	Amikacin;Butirosin;Isepamicin;Kanamycin;Lividomycin;Neomycin;Paromomycin;Ribostamycin
ERV263	erm(B)_18	Clindamycin;Erythromycin;Lincomycin;Pristinamycin_IA;Quinupristin;Virginiamycin_S
ERV263	msr(C)_1	Erythromycin;Pristinamycin_IA;Quinupristin;Telithromycin;Virginiamycin_S
ERV270	VanHAX_2	Teicoplanin;Vancomycin
ERV270	aac(6')-Ii_1	Dibekacin;Gentamicin;Netilmicin;Sisomicin;Tobramycin
ERV270	ant(6)-Ia_1	Streptomycin
ERV270	aph(3')-III_1	Amikacin;Butirosin;Isepamicin;Kanamycin;Lividomycin;Neomycin;Paromomycin;Ribostamycin
ERV270	erm(B)_9	Clindamycin;Erythromycin;Lincomycin;Pristinamycin_IA;Quinupristin;Virginiamycin_S
ERV270	msr(C)_1	Erythromycin;Pristinamycin_IA;Quinupristin;Telithromycin;Virginiamycin_S
ERV275	VanHAX_2	Teicoplanin;Vancomycin
ERV275	aac(6')-Ii_1	Dibekacin;Gentamicin;Netilmicin;Sisomicin;Tobramycin
ERV275	aac(6')-aph(2'')_1	Amikacin;Dibekacin;Fortimicin;Gentamicin;Isepamicin;Kanamycin;Netilmicin;Streptomycin;Tobramycin
ERV275	ant(6)-Ia_1	Streptomycin
ERV275	aph(3')-III_1	Amikacin;Butirosin;Isepamicin;Kanamycin;Lividomycin;Neomycin;Paromomycin;Ribostamycin
ERV275	cfr(B)_1	Chloramphenicol;Clindamycin;Dalfopristin;Florfenicol;Lincomycin;Linezolid;Pristinamycin_IIA;Tiamulin;Virginiamycin_M
ERV275	erm(B)_18	Clindamycin;Erythromycin;Lincomycin;Pristinamycin_IA;Quinupristin;Virginiamycin_S
ERV275	msr(C)_1	Erythromycin;Pristinamycin_IA;Quinupristin;Telithromycin;Virginiamycin_S
ERV279	VanHAX_2	Teicoplanin;Vancomycin
ERV279	aac(6')-Ii_1	Dibekacin;Gentamicin;Netilmicin;Sisomicin;Tobramycin
ERV279	ant(6)-Ia_1	Streptomycin
ERV279	aph(3')-III_1	Amikacin;Butirosin;Isepamicin;Kanamycin;Lividomycin;Neomycin;Paromomycin;Ribostamycin
ERV279	dfrG_1	Trimethoprim
ERV279	erm(B)_18	Clindamycin;Erythromycin;Lincomycin;Pristinamycin_IA;Quinupristin;Virginiamycin_S
ERV279	msr(C)_1	Erythromycin;Pristinamycin_IA;Quinupristin;Telithromycin;Virginiamycin_S
ERV28	VanHAX_2	Teicoplanin;Vancomycin
ERV28	aac(6')-Ii_1	Dibekacin;Gentamicin;Netilmicin;Sisomicin;Tobramycin
ERV28	ant(6)-Ia_1	Streptomycin
ERV28	aph(3')-III_1	Amikacin;Butirosin;Isepamicin;Kanamycin;Lividomycin;Neomycin;Paromomycin;Ribostamycin
ERV28	erm(B)_18	Clindamycin;Erythromycin;Lincomycin;Pristinamycin_IA;Quinupristin;Virginiamycin_S
ERV28	msr(C)_1	Erythromycin;Pristinamycin_IA;Quinupristin;Telithromycin;Virginiamycin_S
ERV280	VanHAX_2	Teicoplanin;Vancomycin
ERV280	aac(6')-Ii_1	Dibekacin;Gentamicin;Netilmicin;Sisomicin;Tobramycin
ERV280	ant(6)-Ia_1	Streptomycin
ERV280	aph(3')-III_1	Amikacin;Butirosin;Isepamicin;Kanamycin;Lividomycin;Neomycin;Paromomycin;Ribostamycin
ERV280	erm(B)_18	Clindamycin;Erythromycin;Lincomycin;Pristinamycin_IA;Quinupristin;Virginiamycin_S
ERV280	msr(C)_1	Erythromycin;Pristinamycin_IA;Quinupristin;Telithromycin;Virginiamycin_S
ERV280	tet(M)_12	Doxycycline;Minocycline;Tetracycline
ERV281	VanHAX_2	Teicoplanin;Vancomycin
ERV281	aac(6')-Ii_1	Dibekacin;Gentamicin;Netilmicin;Sisomicin;Tobramycin
ERV281	aac(6')-aph(2'')_1	Amikacin;Dibekacin;Fortimicin;Gentamicin;Isepamicin;Kanamycin;Netilmicin;Streptomycin;Tobramycin
ERV281	ant(6)-Ia_1	Streptomycin
ERV281	aph(3')-III_1	Amikacin;Butirosin;Isepamicin;Kanamycin;Lividomycin;Neomycin;Paromomycin;Ribostamycin
ERV281	erm(B)_18	Clindamycin;Erythromycin;Lincomycin;Pristinamycin_IA;Quinupristin;Virginiamycin_S
ERV281	msr(C)_1	Erythromycin;Pristinamycin_IA;Quinupristin;Telithromycin;Virginiamycin_S
ERV281	tet(S)_3	Doxycycline;Minocycline;Tetracycline
ERV30	VanHAX_2	Teicoplanin;Vancomycin
ERV30	aac(6')-Ii_1	Dibekacin;Gentamicin;Netilmicin;Sisomicin;Tobramycin
ERV30	ant(6)-Ia_1	Streptomycin
ERV30	aph(3')-III_1	Amikacin;Butirosin;Isepamicin;Kanamycin;Lividomycin;Neomycin;Paromomycin;Ribostamycin
ERV30	erm(B)_18	Clindamycin;Erythromycin;Lincomycin;Pristinamycin_IA;Quinupristin;Virginiamycin_S
ERV30	msr(C)_1	Erythromycin;Pristinamycin_IA;Quinupristin;Telithromycin;Virginiamycin_S
ERV30	tet(M)_5	Doxycycline;Minocycline;Tetracycline
ERV34	VanHAX_2	Teicoplanin;Vancomycin
ERV34	aac(6')-Ii_1	Dibekacin;Gentamicin;Netilmicin;Sisomicin;Tobramycin
ERV34	ant(6)-Ia_1	Streptomycin
ERV34	aph(2'')-Id_1	Amikacin;Gentamicin;Spectinomycin;Tobramycin
ERV34	aph(3')-III_1	Amikacin;Butirosin;Isepamicin;Kanamycin;Lividomycin;Neomycin;Paromomycin;Ribostamycin
ERV34	erm(B)_18	Clindamycin;Erythromycin;Lincomycin;Pristinamycin_IA;Quinupristin;Virginiamycin_S
ERV34	lnu(B)_2	Clindamycin;Lincomycin
ERV34	lsa(E)_1	Clindamycin;Dalfopristin;Lincomycin;Pristinamycin_IIA;Tiamulin;Virginiamycin_M
ERV34	msr(C)_1	Erythromycin;Pristinamycin_IA;Quinupristin;Telithromycin;Virginiamycin_S
ERV34	tet(M)_5	Doxycycline;Minocycline;Tetracycline
ERV35	VanHAX_2	Teicoplanin;Vancomycin
ERV35	aac(6')-Ii_1	Dibekacin;Gentamicin;Netilmicin;Sisomicin;Tobramycin
ERV35	ant(6)-Ia_1	Streptomycin
ERV35	aph(3')-III_1	Amikacin;Butirosin;Isepamicin;Kanamycin;Lividomycin;Neomycin;Paromomycin;Ribostamycin
ERV35	erm(B)_18	Clindamycin;Erythromycin;Lincomycin;Pristinamycin_IA;Quinupristin;Virginiamycin_S
ERV35	msr(C)_1	Erythromycin;Pristinamycin_IA;Quinupristin;Telithromycin;Virginiamycin_S
ERV35	tet(M)_5	Doxycycline;Minocycline;Tetracycline
ERV38	VanHAX_2	Teicoplanin;Vancomycin
ERV38	aac(6')-Ii_1	Dibekacin;Gentamicin;Netilmicin;Sisomicin;Tobramycin
ERV38	erm(B)_18	Clindamycin;Erythromycin;Lincomycin;Pristinamycin_IA;Quinupristin;Virginiamycin_S
ERV38	msr(C)_1	Erythromycin;Pristinamycin_IA;Quinupristin;Telithromycin;Virginiamycin_S
ERV69	aac(6')-Ii_1	Dibekacin;Gentamicin;Netilmicin;Sisomicin;Tobramycin
ERV69	aac(6')-aph(2'')_1	Amikacin;Dibekacin;Fortimicin;Gentamicin;Isepamicin;Kanamycin;Netilmicin;Streptomycin;Tobramycin
ERV69	erm(B)_18	Clindamycin;Erythromycin;Lincomycin;Pristinamycin_IA;Quinupristin;Virginiamycin_S
ERV69	msr(C)_1	Erythromycin;Pristinamycin_IA;Quinupristin;Telithromycin;Virginiamycin_S
ERV89	VanHAX_2	Teicoplanin;Vancomycin
ERV89	aac(6')-Ii_1	Dibekacin;Gentamicin;Netilmicin;Sisomicin;Tobramycin
ERV89	ant(6)-Ia_1	Streptomycin
ERV89	aph(3')-III_1	Amikacin;Butirosin;Isepamicin;Kanamycin;Lividomycin;Neomycin;Paromomycin;Ribostamycin
ERV89	erm(B)_18	Clindamycin;Erythromycin;Lincomycin;Pristinamycin_IA;Quinupristin;Virginiamycin_S
ERV89	lnu(B)_2	Clindamycin;Lincomycin
ERV89	msr(C)_1	Erythromycin;Pristinamycin_IA;Quinupristin;Telithromycin;Virginiamycin_S
ERV98	aac(6')-Ii_1	Dibekacin;Gentamicin;Netilmicin;Sisomicin;Tobramycin
ERV98	ant(6)-Ia_1	Streptomycin
ERV98	aph(3')-III_1	Amikacin;Butirosin;Isepamicin;Kanamycin;Lividomycin;Neomycin;Paromomycin;Ribostamycin
ERV98	erm(B)_18	Clindamycin;Erythromycin;Lincomycin;Pristinamycin_IA;Quinupristin;Virginiamycin_S
ERV98	lnu(B)_2	Clindamycin;Lincomycin
ERV98	msr(C)_1	Erythromycin;Pristinamycin_IA;Quinupristin;Telithromycin;Virginiamycin_S
ERV99	VanHAX_2	Teicoplanin;Vancomycin
ERV99	aac(6')-Ii_1	Dibekacin;Gentamicin;Netilmicin;Sisomicin;Tobramycin
ERV99	aac(6')-aph(2'')_1	Amikacin;Dibekacin;Fortimicin;Gentamicin;Isepamicin;Kanamycin;Netilmicin;Streptomycin;Tobramycin
ERV99	ant(6)-Ia_1	Streptomycin
ERV99	aph(3')-III_1	Amikacin;Butirosin;Isepamicin;Kanamycin;Lividomycin;Neomycin;Paromomycin;Ribostamycin
ERV99	dfrG_1	Trimethoprim
ERV99	erm(B)_18	Clindamycin;Erythromycin;Lincomycin;Pristinamycin_IA;Quinupristin;Virginiamycin_S
ERV99	msr(C)_1	Erythromycin;Pristinamycin_IA;Quinupristin;Telithromycin;Virginiamycin_S
